{
	"credit": "Made with Blockbench",
	"textures": {
		"0": "gun_ammo/exposed_copper",
		"particle": "gun_ammo/exposed_copper"
	},
	"elements": [
		{
			"from": [7.002, -6, 11],
			"to": [9.002, 0, 12],
			"rotation": {"angle": -22.5, "axis": "x", "origin": [0, 0, 0]},
			"faces": {
				"north": {"uv": [1, 1, 3, 7], "texture": "#0"},
				"east": {"uv": [1, 1, 2, 7], "texture": "#0"},
				"south": {"uv": [1, 1, 3, 7], "texture": "#0"},
				"west": {"uv": [2, 1, 3, 7], "texture": "#0"},
				"up": {"uv": [1, 6, 3, 7], "texture": "#0"},
				"down": {"uv": [1, 3, 3, 4], "texture": "#0"}
			}
		},
		{
			"from": [7, -6, 13],
			"to": [9, -1, 13.5],
			"rotation": {"angle": -22.5, "axis": "x", "origin": [0, 0, 0]},
			"faces": {
				"north": {"uv": [1, 4, 3, 9], "texture": "#0"},
				"east": {"uv": [1, 4, 1.5, 9], "texture": "#0"},
				"south": {"uv": [1, 4, 3, 9], "texture": "#0"},
				"west": {"uv": [1, 4, 1.5, 9], "texture": "#0"},
				"up": {"uv": [1, 8, 3, 8.5], "texture": "#0"},
				"down": {"uv": [1, 4, 3, 4.5], "texture": "#0"}
			}
		},
		{
			"from": [7, -6, 12],
			"to": [9, -5, 13],
			"rotation": {"angle": -22.5, "axis": "x", "origin": [0, 0, 0]},
			"faces": {
				"north": {"uv": [4, 2, 6, 3], "texture": "#0"},
				"east": {"uv": [4, 2, 5, 3], "texture": "#0"},
				"south": {"uv": [4, 2, 6, 3], "texture": "#0"},
				"west": {"uv": [4, 1, 5, 2], "texture": "#0"},
				"up": {"uv": [4, 1, 6, 2], "texture": "#0"},
				"down": {"uv": [4, 1, 6, 2], "texture": "#0"}
			}
		},
		{
			"from": [7, 4.45742, 8.41581],
			"to": [9, 5.45742, 10.91581],
			"rotation": {"angle": 0, "axis": "x", "origin": [8.5, 5.70742, 11.16581]},
			"faces": {
				"north": {"uv": [4, 1, 6, 2], "texture": "#0"},
				"east": {"uv": [4, 1, 6.5, 2], "texture": "#0"},
				"south": {"uv": [4, 1, 6, 2], "texture": "#0"},
				"west": {"uv": [3, 1, 5.5, 2], "texture": "#0"},
				"up": {"uv": [4, 2, 6, 4.5], "texture": "#0"},
				"down": {"uv": [4, 1, 6, 3.5], "texture": "#0"}
			}
		},
		{
			"from": [7.5, 4.78065, 10.48903],
			"to": [8.5, 6.28065, 11.48903],
			"rotation": {"angle": -22.5, "axis": "x", "origin": [8, 5.53065, 10.98903]},
			"faces": {
				"north": {"uv": [5, 2, 6, 3.5], "rotation": 180, "texture": "#0"},
				"east": {"uv": [5, 3, 6.5, 4], "rotation": 90, "texture": "#0"},
				"south": {"uv": [3, 2, 4, 3.5], "texture": "#0"},
				"west": {"uv": [5, 3, 6.5, 4], "rotation": 270, "texture": "#0"},
				"up": {"uv": [5, 3, 6, 4], "texture": "#0"},
				"down": {"uv": [5, 3, 6, 4], "rotation": 180, "texture": "#0"}
			}
		},
		{
			"from": [7.001, 4.38, 11.03],
			"to": [9.001, 5.38, 13.53],
			"rotation": {"angle": 22.5, "axis": "x", "origin": [8.5, 5.70742, 11.16581]},
			"faces": {
				"north": {"uv": [4, 2, 6, 3], "texture": "#0"},
				"east": {"uv": [4, 2, 6.5, 3], "texture": "#0"},
				"south": {"uv": [4, 3, 6, 4], "texture": "#0"},
				"west": {"uv": [4, 1, 6.5, 2], "texture": "#0"},
				"up": {"uv": [4, 1, 6, 3.5], "texture": "#0"},
				"down": {"uv": [4, 1, 6, 3.5], "texture": "#0"}
			}
		},
		{
			"from": [7, 3.45742, 8.41581],
			"to": [9, 4.45742, 12.91581],
			"rotation": {"angle": 0, "axis": "y", "origin": [8.5, 5.70742, 11.16581]},
			"faces": {
				"north": {"uv": [0, 0, 2, 1], "texture": "#0"},
				"east": {"uv": [4, 1, 8.5, 2], "texture": "#0"},
				"south": {"uv": [4, 1, 6, 2], "texture": "#0"},
				"west": {"uv": [4, 1, 8.5, 2], "texture": "#0"},
				"up": {"uv": [4, 1, 6, 5.5], "texture": "#0"},
				"down": {"uv": [4, 1, 6, 5.5], "texture": "#0"}
			}
		},
		{
			"from": [7, 2.45742, 4.41581],
			"to": [9, 5.45742, 4.91581],
			"rotation": {"angle": 0, "axis": "y", "origin": [8.5, 5.70742, 11.16581]},
			"faces": {
				"north": {"uv": [3, 1, 5, 4], "texture": "#0"},
				"east": {"uv": [1, 1, 1.5, 4], "texture": "#0"},
				"south": {"uv": [1, 1, 3, 4], "texture": "#0"},
				"west": {"uv": [1, 1, 1.5, 4], "texture": "#0"},
				"up": {"uv": [1, 1, 3, 1.5], "texture": "#0"},
				"down": {"uv": [1, 1, 3, 1.5], "texture": "#0"}
			}
		},
		{
			"from": [7, 2.45742, 7.91581],
			"to": [9, 5.45742, 8.41581],
			"rotation": {"angle": 0, "axis": "y", "origin": [8.5, 5.70742, 11.16581]},
			"faces": {
				"north": {"uv": [1, 1, 3, 4], "texture": "#0"},
				"east": {"uv": [1, 1, 1.5, 4], "texture": "#0"},
				"south": {"uv": [1, 1, 3, 4], "texture": "#0"},
				"west": {"uv": [1, 1, 1.5, 4], "texture": "#0"},
				"up": {"uv": [1, 1, 3, 1.5], "texture": "#0"},
				"down": {"uv": [1, 1, 3, 1.5], "texture": "#0"}
			}
		},
		{
			"from": [7, 5.45742, 4.41581],
			"to": [9, 5.95742, 8.91581],
			"rotation": {"angle": 0, "axis": "y", "origin": [8.5, 5.70742, 11.16581]},
			"faces": {
				"north": {"uv": [2, 1, 4, 1.5], "texture": "#0"},
				"east": {"uv": [2, 1, 6.5, 1.5], "texture": "#0"},
				"south": {"uv": [2, 1, 4, 1.5], "texture": "#0"},
				"west": {"uv": [2, 1, 6.5, 1.5], "texture": "#0"},
				"up": {"uv": [3, 1, 5, 5.5], "texture": "#0"},
				"down": {"uv": [3, 1, 5, 5.5], "texture": "#0"}
			}
		},
		{
			"from": [7.75, 5.45742, 0.66581],
			"to": [8.25, 6.20742, 1.91581],
			"rotation": {"angle": 0, "axis": "y", "origin": [8.5, 5.70742, 11.16581]},
			"faces": {
				"north": {"uv": [4, 1, 4.5, 1.75], "texture": "#0"},
				"east": {"uv": [2, 1, 3.25, 1.75], "texture": "#0"},
				"south": {"uv": [4, 1, 4.5, 1.75], "texture": "#0"},
				"west": {"uv": [2, 1, 3.25, 1.75], "texture": "#0"},
				"up": {"uv": [4, 1, 4.5, 2.25], "texture": "#0"},
				"down": {"uv": [4, 1, 4.5, 2.25], "texture": "#0"}
			}
		},
		{
			"from": [7.75, 1.95742, 9.41581],
			"to": [8.25, 3.45742, 10.41581],
			"rotation": {"angle": 0, "axis": "y", "origin": [8.5, 5.70742, 11.16581]},
			"faces": {
				"north": {"uv": [4, 3, 4.5, 4.5], "texture": "#0"},
				"east": {"uv": [4, 3, 5, 4.5], "texture": "#0"},
				"south": {"uv": [4, 2, 4.5, 3.5], "texture": "#0"},
				"west": {"uv": [4, 2, 5, 3.5], "texture": "#0"},
				"up": {"uv": [4, 2, 4.5, 3], "texture": "#0"},
				"down": {"uv": [4, 3, 4.5, 4], "texture": "#0"}
			}
		},
		{
			"name": "octagon",
			"from": [7.37868, 2.5, 4.89],
			"to": [8.62132, 5.5, 7.89],
			"rotation": {"angle": 45, "axis": "z", "origin": [8, 4, 7.9]},
			"faces": {
				"north": {"uv": [3, 3, 4, 4], "texture": "#0"},
				"east": {"uv": [0, 0, 1, 1], "texture": "#0"},
				"south": {"uv": [2, 3, 3, 4], "texture": "#0"},
				"west": {"uv": [0, 0, 1, 1], "texture": "#0"},
				"up": {"uv": [3, 2, 4, 5], "texture": "#0"},
				"down": {"uv": [4, 2, 5, 5], "texture": "#0"}
			}
		},
		{
			"name": "octagon",
			"from": [7.37868, 2.5, 4.9],
			"to": [8.62132, 5.5, 7.9],
			"rotation": {"angle": 0, "axis": "z", "origin": [8, 4, 7.9]},
			"faces": {
				"north": {"uv": [0, 0, 1, 1], "texture": "#0"},
				"east": {"uv": [0, 0, 1, 1], "texture": "#0"},
				"south": {"uv": [0, 0, 1, 1], "texture": "#0"},
				"west": {"uv": [0, 0, 1, 1], "texture": "#0"},
				"up": {"uv": [3, 4, 4, 7], "texture": "#0"},
				"down": {"uv": [2, 4, 3, 7], "texture": "#0"}
			}
		},
		{
			"name": "octagon",
			"from": [6.5, 3.37868, 4.89],
			"to": [9.5, 4.62132, 7.89],
			"rotation": {"angle": 45, "axis": "z", "origin": [8, 4, 7.9]},
			"faces": {
				"north": {"uv": [1, 2, 2, 3], "texture": "#0"},
				"east": {"uv": [3, 4, 6, 5], "texture": "#0"},
				"south": {"uv": [1, 2, 2, 3], "texture": "#0"},
				"west": {"uv": [3, 3, 6, 4], "texture": "#0"},
				"up": {"uv": [0, 0, 1, 1], "texture": "#0"},
				"down": {"uv": [0, 0, 1, 1], "texture": "#0"}
			}
		},
		{
			"name": "octagon",
			"from": [6.5, 3.37868, 4.9],
			"to": [9.5, 4.62132, 7.9],
			"rotation": {"angle": 0, "axis": "z", "origin": [8, 4, 7.9]},
			"faces": {
				"north": {"uv": [2, 3, 3, 4], "texture": "#0"},
				"east": {"uv": [6, 2, 9, 3], "texture": "#0"},
				"south": {"uv": [2, 3, 3, 4], "texture": "#0"},
				"west": {"uv": [4, 1, 7, 2], "texture": "#0"},
				"up": {"uv": [0, 0, 1, 1], "texture": "#0"},
				"down": {"uv": [0, 0, 1, 1], "texture": "#0"}
			}
		},
		{
			"name": "octagon",
			"from": [7.63756, 5.125, 0],
			"to": [8.36244, 5.625, 5],
			"rotation": {"angle": 45, "axis": "z", "origin": [8, 4.75, 8]},
			"faces": {
				"north": {"uv": [3, 2, 4, 3], "texture": "#0"},
				"east": {"uv": [0, 0, 1, 1], "texture": "#0"},
				"south": {"uv": [0, 0, 1, 1], "texture": "#0"},
				"west": {"uv": [0, 0, 1, 1], "texture": "#0"},
				"up": {"uv": [1, 1, 2, 6], "texture": "#0"},
				"down": {"uv": [1, 1, 2, 6], "texture": "#0"}
			}
		},
		{
			"name": "octagon",
			"from": [7.63756, 3.875, 0],
			"to": [8.36244, 4.375, 5],
			"rotation": {"angle": 45, "axis": "z", "origin": [8, 4.75, 8]},
			"faces": {
				"north": {"uv": [3, 2, 4, 3], "texture": "#0"},
				"east": {"uv": [0, 0, 1, 1], "texture": "#0"},
				"south": {"uv": [0, 0, 1, 1], "texture": "#0"},
				"west": {"uv": [0, 0, 1, 1], "texture": "#0"},
				"up": {"uv": [1, 1, 2, 6], "texture": "#0"},
				"down": {"uv": [1, 1, 2, 6], "texture": "#0"}
			}
		},
		{
			"name": "octagon",
			"from": [7.63756, 5.125, -0.001],
			"to": [8.36244, 5.625, 4.999],
			"rotation": {"angle": 0, "axis": "z", "origin": [8, 4.75, 8]},
			"faces": {
				"north": {"uv": [3, 1, 4, 2], "texture": "#0"},
				"east": {"uv": [0, 0, 1, 1], "texture": "#0"},
				"south": {"uv": [0, 0, 1, 1], "texture": "#0"},
				"west": {"uv": [0, 0, 1, 1], "texture": "#0"},
				"up": {"uv": [1, 0, 2, 5], "texture": "#0"},
				"down": {"uv": [2, 1, 3, 6], "texture": "#0"}
			}
		},
		{
			"name": "octagon",
			"from": [7.63756, 3.875, -0.001],
			"to": [8.36244, 4.375, 4.999],
			"rotation": {"angle": 0, "axis": "y", "origin": [8, 4.75, 8]},
			"faces": {
				"north": {"uv": [3, 1, 4, 2], "texture": "#0"},
				"east": {"uv": [0, 0, 1, 1], "texture": "#0"},
				"south": {"uv": [0, 0, 1, 1], "texture": "#0"},
				"west": {"uv": [0, 0, 1, 1], "texture": "#0"},
				"up": {"uv": [1, 0, 2, 5], "texture": "#0"},
				"down": {"uv": [2, 1, 3, 6], "texture": "#0"}
			}
		},
		{
			"name": "octagon",
			"from": [7.125, 4.38756, 0],
			"to": [7.625, 5.11244, 5],
			"rotation": {"angle": 45, "axis": "z", "origin": [8, 4.75, 8]},
			"faces": {
				"north": {"uv": [1, 2, 2, 3], "texture": "#0"},
				"east": {"uv": [8, 1, 13, 2], "texture": "#0"},
				"south": {"uv": [0, 0, 1, 1], "texture": "#0"},
				"west": {"uv": [7, 2, 12, 3], "texture": "#0"},
				"up": {"uv": [0, 0, 1, 1], "texture": "#0"},
				"down": {"uv": [0, 0, 1, 1], "texture": "#0"}
			}
		},
		{
			"name": "octagon",
			"from": [8.375, 4.38756, 0],
			"to": [8.875, 5.11244, 5],
			"rotation": {"angle": 45, "axis": "z", "origin": [8, 4.75, 8]},
			"faces": {
				"north": {"uv": [1, 2, 2, 3], "texture": "#0"},
				"east": {"uv": [8, 1, 13, 2], "texture": "#0"},
				"south": {"uv": [0, 0, 1, 1], "texture": "#0"},
				"west": {"uv": [7, 2, 12, 3], "texture": "#0"},
				"up": {"uv": [0, 0, 1, 1], "texture": "#0"},
				"down": {"uv": [0, 0, 1, 1], "texture": "#0"}
			}
		},
		{
			"name": "octagon",
			"from": [7.125, 4.38756, -0.001],
			"to": [7.625, 5.11244, 4.999],
			"rotation": {"angle": 0, "axis": "z", "origin": [8, 4.75, 8]},
			"faces": {
				"north": {"uv": [7, 2, 8, 3], "texture": "#0"},
				"east": {"uv": [3, 1, 8, 2], "texture": "#0"},
				"south": {"uv": [0, 0, 1, 1], "texture": "#0"},
				"west": {"uv": [3, 1, 8, 2], "texture": "#0"},
				"up": {"uv": [0, 0, 1, 1], "texture": "#0"},
				"down": {"uv": [0, 0, 1, 1], "texture": "#0"}
			}
		},
		{
			"name": "octagon",
			"from": [8.375, 4.38756, -0.001],
			"to": [8.875, 5.11244, 4.999],
			"rotation": {"angle": 0, "axis": "y", "origin": [8, 4.75, 8]},
			"faces": {
				"north": {"uv": [7, 2, 8, 3], "texture": "#0"},
				"east": {"uv": [3, 1, 8, 2], "texture": "#0"},
				"south": {"uv": [0, 0, 1, 1], "texture": "#0"},
				"west": {"uv": [3, 1, 8, 2], "texture": "#0"},
				"up": {"uv": [0, 0, 1, 1], "texture": "#0"},
				"down": {"uv": [0, 0, 1, 1], "texture": "#0"}
			}
		}
	],
	"display": {
		"thirdperson_righthand": {
			"translation": [0, 3.25, -1],
			"scale": [0.75, 0.75, 0.75]
		},
		"thirdperson_lefthand": {
			"translation": [-12, 3.25, -1],
			"scale": [0.75, 0.75, 0.75]
		},
		"firstperson_righthand": {
			"translation": [-0.25, 6.25, 0.25]
		},
		"firstperson_lefthand": {
			"translation": [-0.25, 6.25, 0.25]
		},
		"ground": {
			"rotation": [0, 0, 90],
			"translation": [-3, -2.75, 0.25],
			"scale": [0.7, 0.7, 0.7]
		},
		"gui": {
			"rotation": [16, 50, 0],
			"translation": [0, 4.5, 0]
		},
		"head": {
			"translation": [0, 1.75, -2.75]
		},
		"fixed": {
			"rotation": [0, -90, 0],
			"translation": [-1, 4.5, 0.25]
		}
	},
	"groups": [
		0,
		1,
		2,
		3,
		4,
		5,
		6,
		7,
		8,
		9,
		10,
		11,
		{
			"name": "octagon",
			"origin": [8, 8, 8],
			"color": 0,
			"children": [12, 13, 14, 15]
		},
		{
			"name": "octagon",
			"origin": [8, 8, 8],
			"color": 0,
			"children": [16, 17, 18, 19, 20, 21, 22, 23]
		}
	]
}