{
	"credit": "Made with Blockbench",
	"textures": {
		"0": "gun_ammo/44_magnum",
		"particle": "gun_ammo/44_magnum"
	},
	"elements": [
		{
			"from": [7.25, 4.75, 6.4],
			"to": [8.75, 7.75, 7.4],
			"rotation": {"angle": 0, "axis": "y", "origin": [7, 5.75, 5.4]},
			"faces": {
				"north": {"uv": [2, 1, 3.5, 4], "texture": "#0"},
				"east": {"uv": [3, 1, 4, 4], "texture": "#0"},
				"south": {"uv": [2, 1, 3.5, 4], "texture": "#0"},
				"west": {"uv": [3, 1, 4, 4], "texture": "#0"},
				"up": {"uv": [2, 1, 3.5, 2], "texture": "#0"},
				"down": {"uv": [2, 2, 3.5, 3], "texture": "#0"}
			}
		},
		{
			"from": [7.25, 5.75, 5.4],
			"to": [8.75, 7.75, 6.4],
			"rotation": {"angle": 0, "axis": "y", "origin": [7, 5.75, 4.4]},
			"faces": {
				"north": {"uv": [0, 0, 1.5, 2], "texture": "#0"},
				"east": {"uv": [0, 0, 1, 2], "texture": "#0"},
				"south": {"uv": [0, 0, 1.5, 2], "texture": "#0"},
				"west": {"uv": [0, 0, 1, 2], "texture": "#0"},
				"up": {"uv": [0, 0, 1.5, 1], "texture": "#0"},
				"down": {"uv": [0, 0, 1.5, 1], "texture": "#0"}
			}
		},
		{
			"from": [7.85, 7.5, 2.65],
			"to": [8.15, 7.85, 3.45],
			"rotation": {"angle": 0, "axis": "y", "origin": [7, 5.75, 1.65]},
			"faces": {
				"north": {"uv": [0, 0, 0.3, 0.35], "texture": "#0"},
				"east": {"uv": [0, 0, 0.8, 0.35], "texture": "#0"},
				"south": {"uv": [0, 0, 0.3, 0.35], "texture": "#0"},
				"west": {"uv": [0, 0, 0.8, 0.35], "texture": "#0"},
				"up": {"uv": [0, 0, 0.3, 0.8], "texture": "#0"},
				"down": {"uv": [0, 0, 0.3, 0.8], "texture": "#0"}
			}
		},
		{
			"from": [7.25, 4.5, 9.4],
			"to": [8.75, 7.75, 10.4],
			"rotation": {"angle": 0, "axis": "y", "origin": [7, 5, 8]},
			"faces": {
				"north": {"uv": [0, 0, 1.5, 3.25], "texture": "#0"},
				"east": {"uv": [0, 0, 1, 3.25], "texture": "#0"},
				"south": {"uv": [0, 0, 1.5, 3.25], "texture": "#0"},
				"west": {"uv": [0, 0, 1, 3.25], "texture": "#0"},
				"up": {"uv": [1, 0, 2.5, 1], "texture": "#0"},
				"down": {"uv": [0, 0, 1.5, 1], "texture": "#0"}
			}
		},
		{
			"from": [7.25, 4.5, 7.4],
			"to": [8.75, 5, 9.4],
			"rotation": {"angle": 0, "axis": "y", "origin": [7, 4.75, 9]},
			"faces": {
				"north": {"uv": [0, 0, 1.5, 0.5], "texture": "#0"},
				"east": {"uv": [0, 0, 2, 0.5], "texture": "#0"},
				"south": {"uv": [0, 0, 1.5, 0.5], "texture": "#0"},
				"west": {"uv": [0, 0, 2, 0.5], "texture": "#0"},
				"up": {"uv": [0, 0, 1.5, 2], "texture": "#0"},
				"down": {"uv": [0, 0, 1.5, 2], "texture": "#0"}
			}
		},
		{
			"from": [7.25, 7.25, 7.4],
			"to": [8.75, 7.75, 9.4],
			"rotation": {"angle": 0, "axis": "y", "origin": [7, 7.25, 9]},
			"faces": {
				"north": {"uv": [0, 0, 1.5, 0.5], "texture": "#0"},
				"east": {"uv": [0, 0, 2, 0.5], "texture": "#0"},
				"south": {"uv": [0, 0, 1.5, 0.5], "texture": "#0"},
				"west": {"uv": [0, 0, 2, 0.5], "texture": "#0"},
				"up": {"uv": [2, 2, 3.5, 4], "texture": "#0"},
				"down": {"uv": [0, 0, 1.5, 2], "texture": "#0"}
			}
		},
		{
			"from": [7.25, 4.3, 9.14],
			"to": [8.75, 6.3, 11.54],
			"rotation": {"angle": 45, "axis": "x", "origin": [8, 5.3, 11.1]},
			"faces": {
				"north": {"uv": [0, 0, 1.5, 2], "texture": "#0"},
				"east": {"uv": [0, 0, 2.4, 2], "texture": "#0"},
				"south": {"uv": [0, 0, 1.5, 2], "texture": "#0"},
				"west": {"uv": [0, 0, 2.4, 2], "texture": "#0"},
				"up": {"uv": [0, 0, 1.5, 2.4], "texture": "#0"},
				"down": {"uv": [0, 0, 1.5, 2.4], "texture": "#0"}
			}
		},
		{
			"from": [7.75, 6.3, 9.54],
			"to": [8.25, 6.95, 10.19],
			"rotation": {"angle": 45, "axis": "x", "origin": [8, 5.3, 11.1]},
			"faces": {
				"north": {"uv": [0, 0, 0.5, 0.65], "texture": "#0"},
				"east": {"uv": [0, 0, 0.65, 0.65], "texture": "#0"},
				"south": {"uv": [0, 0, 0.5, 0.65], "texture": "#0"},
				"west": {"uv": [0, 0, 0.65, 0.65], "texture": "#0"},
				"up": {"uv": [0, 0, 0.5, 0.65], "texture": "#0"},
				"down": {"uv": [0, 0, 0.5, 0.65], "texture": "#0"}
			}
		},
		{
			"from": [7.15, 1.36, 10.4],
			"to": [8.85, 5.36, 12.4],
			"rotation": {"angle": -22.5, "axis": "x", "origin": [8, 4.8, 11.4]},
			"faces": {
				"north": {"uv": [14.3, 0, 16, 4], "rotation": 180, "texture": "#0"},
				"east": {"uv": [12, 0, 16, 2], "rotation": 270, "texture": "#0"},
				"south": {"uv": [14.3, 0, 16, 4], "texture": "#0"},
				"west": {"uv": [12, 0, 16, 2], "rotation": 90, "texture": "#0"},
				"up": {"uv": [14.3, 0, 16, 2], "rotation": 180, "texture": "#0"},
				"down": {"uv": [14.3, 0, 16, 2], "texture": "#0"}
			}
		},
		{
			"name": "octagon",
			"from": [7.74112, 6.375, 2.4],
			"to": [8.25888, 6.725, 5.4],
			"rotation": {"angle": 45, "axis": "z", "origin": [8, 7, 4.4]},
			"faces": {
				"north": {"uv": [0, 0, 1, 1], "texture": "#0"},
				"east": {"uv": [0, 0, 1, 1], "texture": "#0"},
				"south": {"uv": [0, 0, 1, 1], "texture": "#0"},
				"west": {"uv": [0, 0, 1, 1], "texture": "#0"},
				"up": {"uv": [0, 0, 1, 1], "texture": "#0"},
				"down": {"uv": [0, 0, 1, 3], "texture": "#0"}
			}
		},
		{
			"name": "octagon",
			"from": [7.74112, 6.375, 2.4],
			"to": [8.25888, 6.725, 5.4],
			"rotation": {"angle": 0, "axis": "z", "origin": [8, 7, 4.4]},
			"faces": {
				"north": {"uv": [0, 0, 1, 1], "texture": "#0"},
				"east": {"uv": [0, 0, 1, 1], "texture": "#0"},
				"south": {"uv": [0, 0, 1, 1], "texture": "#0"},
				"west": {"uv": [0, 0, 1, 1], "texture": "#0"},
				"up": {"uv": [0, 0, 1, 1], "texture": "#0"},
				"down": {"uv": [0, 0, 1, 3], "texture": "#0"}
			}
		},
		{
			"name": "octagon",
			"from": [7.74112, 7.275, 2.4],
			"to": [8.25888, 7.625, 5.4],
			"rotation": {"angle": 45, "axis": "z", "origin": [8, 7, 4.4]},
			"faces": {
				"north": {"uv": [0, 0, 1, 1], "texture": "#0"},
				"east": {"uv": [0, 0, 1, 1], "texture": "#0"},
				"south": {"uv": [0, 0, 1, 1], "texture": "#0"},
				"west": {"uv": [0, 0, 1, 1], "texture": "#0"},
				"up": {"uv": [0, 0, 1, 3], "texture": "#0"},
				"down": {"uv": [0, 0, 1, 1], "texture": "#0"}
			}
		},
		{
			"name": "octagon",
			"from": [7.74112, 7.275, 2.4],
			"to": [8.25888, 7.625, 5.4],
			"rotation": {"angle": 0, "axis": "z", "origin": [8, 7, 4.4]},
			"faces": {
				"north": {"uv": [0, 0, 1, 1], "texture": "#0"},
				"east": {"uv": [0, 0, 1, 1], "texture": "#0"},
				"south": {"uv": [0, 0, 1, 1], "texture": "#0"},
				"west": {"uv": [0, 0, 1, 1], "texture": "#0"},
				"up": {"uv": [0, 0, 1, 3], "texture": "#0"},
				"down": {"uv": [0, 0, 1, 1], "texture": "#0"}
			}
		},
		{
			"name": "octagon",
			"from": [7.375, 6.74112, 2.4],
			"to": [7.725, 7.25888, 5.4],
			"rotation": {"angle": 45, "axis": "z", "origin": [8, 7, 4.4]},
			"faces": {
				"north": {"uv": [0, 0, 1, 1], "texture": "#0"},
				"east": {"uv": [0, 0, 1, 1], "texture": "#0"},
				"south": {"uv": [0, 0, 1, 1], "texture": "#0"},
				"west": {"uv": [0, 0, 3, 1], "texture": "#0"},
				"up": {"uv": [0, 0, 1, 1], "texture": "#0"},
				"down": {"uv": [0, 0, 1, 1], "texture": "#0"}
			}
		},
		{
			"name": "octagon",
			"from": [7.375, 6.74112, 2.4],
			"to": [7.725, 7.25888, 5.4],
			"rotation": {"angle": 0, "axis": "z", "origin": [8, 7, 4.4]},
			"faces": {
				"north": {"uv": [0, 0, 1, 1], "texture": "#0"},
				"east": {"uv": [0, 0, 1, 1], "texture": "#0"},
				"south": {"uv": [0, 0, 1, 1], "texture": "#0"},
				"west": {"uv": [0, 0, 3, 1], "texture": "#0"},
				"up": {"uv": [0, 0, 1, 1], "texture": "#0"},
				"down": {"uv": [0, 0, 1, 1], "texture": "#0"}
			}
		},
		{
			"name": "octagon",
			"from": [8.275, 6.74112, 2.4],
			"to": [8.625, 7.25888, 5.4],
			"rotation": {"angle": 45, "axis": "z", "origin": [8, 7, 4.4]},
			"faces": {
				"north": {"uv": [0, 0, 1, 1], "texture": "#0"},
				"east": {"uv": [0, 0, 3, 1], "texture": "#0"},
				"south": {"uv": [0, 0, 1, 1], "texture": "#0"},
				"west": {"uv": [0, 0, 1, 1], "texture": "#0"},
				"up": {"uv": [0, 0, 1, 1], "texture": "#0"},
				"down": {"uv": [0, 0, 1, 1], "texture": "#0"}
			}
		},
		{
			"name": "octagon",
			"from": [8.275, 6.74112, 2.4],
			"to": [8.625, 7.25888, 5.4],
			"rotation": {"angle": 0, "axis": "z", "origin": [8, 7, 4.4]},
			"faces": {
				"north": {"uv": [0, 0, 1, 1], "texture": "#0"},
				"east": {"uv": [0, 0, 3, 1], "texture": "#0"},
				"south": {"uv": [0, 0, 1, 1], "texture": "#0"},
				"west": {"uv": [0, 0, 1, 1], "texture": "#0"},
				"up": {"uv": [0, 0, 1, 1], "texture": "#0"},
				"down": {"uv": [0, 0, 1, 1], "texture": "#0"}
			}
		},
		{
			"name": "octagon",
			"from": [7.53401, 4.975, 7.4],
			"to": [8.46599, 7.225, 9.4],
			"rotation": {"angle": 45, "axis": "z", "origin": [8, 6.1, 8.4]},
			"faces": {
				"north": {"uv": [0, 0, 1, 1], "texture": "#0"},
				"east": {"uv": [0, 0, 1, 1], "texture": "#0"},
				"south": {"uv": [0, 0, 1, 1], "texture": "#0"},
				"west": {"uv": [0, 0, 1, 1], "texture": "#0"},
				"up": {"uv": [0, 0, 1, 2], "texture": "#0"},
				"down": {"uv": [0, 0, 1, 2], "texture": "#0"}
			}
		},
		{
			"name": "octagon",
			"from": [7.53401, 4.975, 7.4],
			"to": [8.46599, 7.225, 9.4],
			"rotation": {"angle": 0, "axis": "z", "origin": [8, 6.1, 8.4]},
			"faces": {
				"north": {"uv": [0, 0, 1, 1], "texture": "#0"},
				"east": {"uv": [0, 0, 1, 1], "texture": "#0"},
				"south": {"uv": [0, 0, 1, 1], "texture": "#0"},
				"west": {"uv": [0, 0, 1, 1], "texture": "#0"},
				"up": {"uv": [0, 0, 1, 2], "texture": "#0"},
				"down": {"uv": [0, 0, 1, 2], "texture": "#0"}
			}
		},
		{
			"name": "octagon",
			"from": [6.875, 5.63401, 7.4],
			"to": [9.125, 6.56599, 9.4],
			"rotation": {"angle": 45, "axis": "z", "origin": [8, 6.1, 8.4]},
			"faces": {
				"north": {"uv": [0, 0, 1, 1], "texture": "#0"},
				"east": {"uv": [0, 0, 2, 1], "texture": "#0"},
				"south": {"uv": [0, 0, 1, 1], "texture": "#0"},
				"west": {"uv": [0, 0, 2, 1], "texture": "#0"},
				"up": {"uv": [0, 0, 1, 1], "texture": "#0"},
				"down": {"uv": [0, 0, 1, 1], "texture": "#0"}
			}
		},
		{
			"name": "octagon",
			"from": [6.875, 5.63401, 7.4],
			"to": [9.125, 6.56599, 9.4],
			"rotation": {"angle": 0, "axis": "z", "origin": [8, 6.1, 8.4]},
			"faces": {
				"north": {"uv": [0, 0, 1, 1], "texture": "#0"},
				"east": {"uv": [0, 0, 2, 1], "texture": "#0"},
				"south": {"uv": [0, 0, 1, 1], "texture": "#0"},
				"west": {"uv": [0, 1, 2, 2], "texture": "#0"},
				"up": {"uv": [0, 0, 1, 1], "texture": "#0"},
				"down": {"uv": [0, 0, 1, 1], "texture": "#0"}
			}
		},
		{
			"from": [7.5, 3.5, 9.5],
			"to": [8.5, 5, 11],
			"rotation": {"angle": 0, "axis": "y", "origin": [7, 3, 9.25]},
			"faces": {
				"north": {"uv": [0, 0, 1, 1.5], "texture": "#0"},
				"east": {"uv": [0, 0, 1.5, 1.5], "texture": "#0"},
				"south": {"uv": [0, 0, 1, 1.5], "texture": "#0"},
				"west": {"uv": [0, 0, 1.5, 1.5], "texture": "#0"},
				"up": {"uv": [0, 0, 1, 1.5], "texture": "#0"},
				"down": {"uv": [0, 0, 1, 1.5], "texture": "#0"}
			}
		}
	],
	"display": {
		"thirdperson_righthand": {
			"translation": [0, 3.25, -1.25]
		},
		"thirdperson_lefthand": {
			"translation": [-12, 3.25, -1.25]
		},
		"firstperson_righthand": {
			"translation": [-9, 6.5, 0.75]
		},
		"firstperson_lefthand": {
			"translation": [-9, 6.5, 0.75]
		},
		"ground": {
			"rotation": [0, 0, -90],
			"translation": [2.75, -2.5, -0.25]
		},
		"gui": {
			"rotation": [14, 131, 0],
			"translation": [-0.5, 2.5, 0],
			"scale": [1.25, 1.25, 1.25]
		},
		"head": {
			"translation": [0, -1, -2.25]
		},
		"fixed": {
			"rotation": [0, -90, 0],
			"translation": [0, 2.5, 0.25]
		}
	},
	"groups": [
		0,
		1,
		2,
		3,
		4,
		5,
		6,
		7,
		8,
		{
			"name": "octagon",
			"origin": [8, 8, 8],
			"color": 0,
			"children": [9, 10, 11, 12, 13, 14, 15, 16]
		},
		{
			"name": "octagon",
			"origin": [8, 8, 8],
			"color": 1,
			"children": [17, 18, 19, 20]
		},
		21
	]
}