{
	"credit": "Made with Blockbench",
	"textures": {
		"0": "gun_ammo/desert_eagle",
		"particle": "gun_ammo/desert_eagle"
	},
	"elements": [
		{
			"from": [7, 5, 0],
			"to": [9, 8, 12],
			"faces": {
				"north": {"uv": [0, 0, 2, 3], "texture": "#0"},
				"east": {"uv": [0, 0, 12, 3], "texture": "#0"},
				"south": {"uv": [0, 0, 2, 3], "texture": "#0"},
				"west": {"uv": [0, 0, 12, 3], "texture": "#0"},
				"up": {"uv": [0, 3, 2, 15], "texture": "#0"},
				"down": {"uv": [0, 3, 2, 15], "texture": "#0"}
			}
		},
		{
			"from": [7.75, 8, 0.5],
			"to": [8.25, 8.5, 2],
			"faces": {
				"north": {"uv": [0, 0, 0.5, 0.5], "texture": "#0"},
				"east": {"uv": [0, 0, 1.5, 0.5], "texture": "#0"},
				"south": {"uv": [0, 0, 0.5, 0.5], "texture": "#0"},
				"west": {"uv": [0, 0, 1.5, 0.5], "texture": "#0"},
				"up": {"uv": [0, 0, 0.5, 1.5], "texture": "#0"},
				"down": {"uv": [0, 0, 0.5, 1.5], "texture": "#0"}
			}
		},
		{
			"from": [7.5, 6.25, -0.01],
			"to": [8.5, 7.25, -0.01],
			"faces": {
				"north": {"uv": [15, 0, 16, 1], "texture": "#0"},
				"east": {"uv": [16, 0, 16, 1], "texture": "#0"},
				"south": {"uv": [15, 0, 16, 1], "texture": "#0"},
				"west": {"uv": [16, 0, 16, 1], "texture": "#0"},
				"up": {"uv": [15, 0, 16, 0], "texture": "#0"},
				"down": {"uv": [15, 0, 16, 0], "texture": "#0"}
			}
		},
		{
			"from": [7.75, 3.5, 6.85],
			"to": [8.25, 5.25, 8.6],
			"rotation": {"angle": 0, "axis": "y", "origin": [0, 0, -1]},
			"faces": {
				"north": {"uv": [15.5, 2, 16, 3.75], "texture": "#0"},
				"east": {"uv": [14.25, 2, 16, 3.75], "texture": "#0"},
				"south": {"uv": [15.5, 2, 16, 3.75], "texture": "#0"},
				"west": {"uv": [14.25, 2, 16, 3.75], "texture": "#0"},
				"up": {"uv": [15.5, 2, 16, 3.75], "texture": "#0"},
				"down": {"uv": [15.5, 2, 16, 3.75], "texture": "#0"}
			}
		},
		{
			"from": [7.25, -2.75, 7],
			"to": [8.75, 4.25, 10],
			"rotation": {"angle": -22.5, "axis": "x", "origin": [8, 6.5, 5]},
			"faces": {
				"north": {"uv": [12.5, 9, 14, 16], "texture": "#0"},
				"east": {"uv": [16, 9, 13, 16], "texture": "#0"},
				"south": {"uv": [14.25, 9, 15.75, 16], "texture": "#0"},
				"west": {"uv": [13, 9, 16, 16], "texture": "#0"},
				"up": {"uv": [14.5, 12, 16, 15], "texture": "#0"},
				"down": {"uv": [14.5, 6, 16, 9], "texture": "#0"}
			}
		}
	],
	"display": {
		"thirdperson_righthand": {
			"translation": [0, 2.25, 1],
			"scale": [0.8, 0.8, 0.8]
		},
		"thirdperson_lefthand": {
			"translation": [-12, 2.25, 1],
			"scale": [0.8, 0.8, 0.8]
		},
		"firstperson_righthand": {
			"translation": [0, 4.25, 0]
		},
		"firstperson_lefthand": {
			"translation": [0, 4.25, 0]
		},
		"ground": {
			"rotation": [0, 0, -90],
			"translation": [2.25, -2.75, 0.75],
			"scale": [0.8, 0.8, 0.8]
		},
		"gui": {
			"rotation": [17, 130, 0],
			"translation": [1.25, 2.75, 0],
			"scale": [1.1, 1.1, 1.1]
		},
		"head": {
			"translation": [0, 0, -4]
		},
		"fixed": {
			"rotation": [0, -90, 0],
			"translation": [-2.25, 2.75, 0.25]
		}
	}
}