{
	"credit": "Made with Blockbench",
	"textures": {
		"0": "gun_ammo/glock_17",
		"particle": "gun_ammo/glock_17"
	},
	"elements": [
		{
			"from": [7.251, 0, 8.75],
			"to": [8.751, 5, 10.75],
			"rotation": {"angle": -22.5, "axis": "x", "origin": [8, 2.5, 9.75]},
			"faces": {
				"north": {"uv": [14.25, 0, 15.75, 5], "texture": "#0"},
				"east": {"uv": [14, 0, 16, 5], "texture": "#0"},
				"south": {"uv": [14.25, 0, 15.75, 5], "texture": "#0"},
				"west": {"uv": [14, 0, 16, 5], "texture": "#0"},
				"up": {"uv": [14.25, 0, 15.75, 2], "texture": "#0"},
				"down": {"uv": [14.25, 0, 15.75, 2], "texture": "#0"}
			}
		},
		{
			"from": [7.25, 4.25, 2],
			"to": [8.75, 6.25, 10],
			"faces": {
				"north": {"uv": [2.25, 0, 3.75, 2], "texture": "#0"},
				"east": {"uv": [0, 0, 8, 2], "texture": "#0"},
				"south": {"uv": [0, 0, 1.5, 2], "texture": "#0"},
				"west": {"uv": [0, 0, 8, 2], "texture": "#0"},
				"up": {"uv": [0.25, 2, 1.75, 10], "texture": "#0"},
				"down": {"uv": [0.25, 2, 1.75, 10], "texture": "#0"}
			}
		},
		{
			"from": [7.75, 2.75, 7],
			"to": [8.25, 4.25, 8.75],
			"rotation": {"angle": 0, "axis": "y", "origin": [0, 0, -0.25]},
			"faces": {
				"north": {"uv": [11, 0, 11.5, 1.5], "texture": "#0"},
				"east": {"uv": [11, 0, 12.75, 1.5], "texture": "#0"},
				"south": {"uv": [11, 0, 11.5, 1.5], "texture": "#0"},
				"west": {"uv": [11, 0, 12.75, 1.5], "texture": "#0"},
				"up": {"uv": [11, 0, 11.5, 1.75], "texture": "#0"},
				"down": {"uv": [11, 0, 11.5, 1.75], "texture": "#0"}
			}
		},
		{
			"from": [7.6, 4.85, 1.99],
			"to": [8.4, 5.65, 1.99],
			"faces": {
				"north": {"uv": [9, 0, 10, 1], "texture": "#0"},
				"east": {"uv": [9, 0, 9, 1], "texture": "#0"},
				"south": {"uv": [9, 0, 10, 1], "texture": "#0"},
				"west": {"uv": [9, 0, 9, 1], "texture": "#0"},
				"up": {"uv": [9, 0, 10, 0], "texture": "#0"},
				"down": {"uv": [9, 0, 10, 0], "texture": "#0"}
			}
		},
		{
			"from": [7.75, 6.25, 2.25],
			"to": [8.25, 6.7, 3.25],
			"faces": {
				"north": {"uv": [0, 0, 0.5, 0.45], "texture": "#0"},
				"east": {"uv": [0, 0, 1, 0.45], "texture": "#0"},
				"south": {"uv": [0, 0, 0.5, 0.45], "texture": "#0"},
				"west": {"uv": [0, 0, 1, 0.45], "texture": "#0"},
				"up": {"uv": [0, 0, 0.5, 1], "texture": "#0"},
				"down": {"uv": [0, 0, 0.5, 1], "texture": "#0"}
			}
		}
	],
	"display": {
		"thirdperson_righthand": {
			"translation": [0, 3.75, 1.25]
		},
		"thirdperson_lefthand": {
			"translation": [-12, 3.75, 1.25]
		},
		"firstperson_righthand": {
			"translation": [-9, 8.75, 4.75],
			"scale": [1.25, 1.25, 1.25]
		},
		"firstperson_lefthand": {
			"translation": [-9, 8.75, 4.75],
			"scale": [1.25, 1.25, 1.25]
		},
		"ground": {
			"rotation": [0, 0, -90],
			"translation": [4.25, -2.5, 1.25],
			"scale": [0.9, 0.9, 0.9]
		},
		"gui": {
			"rotation": [21, 128, 0],
			"translation": [1.25, 5.25, 0],
			"scale": [1.5, 1.5, 1.5]
		},
		"head": {
			"translation": [0, 10.5, -3.75]
		},
		"fixed": {
			"rotation": [0, -90, 0],
			"translation": [-1.5, 4.75, 0.5],
			"scale": [1.1, 1.1, 1.1]
		}
	}
}