{
	"credit": "Made with Blockbench",
	"textures": {
		"0": "gun_ammo/m1a",
		"particle": "gun_ammo/m1a"
	},
	"elements": [
		{
			"from": [7, 4, 5],
			"to": [9, 5.5, 14],
			"rotation": {"angle": 0, "axis": "y", "origin": [8, 2, 13]},
			"faces": {
				"north": {"uv": [0, 0, 2, 1.5], "texture": "#0"},
				"east": {"uv": [0, 0.25, 9, 1.75], "texture": "#0"},
				"south": {"uv": [0, 0, 2, 1.5], "texture": "#0"},
				"west": {"uv": [0, 0.25, 9, 1.75], "texture": "#0"},
				"up": {"uv": [0, 3, 2, 12], "texture": "#0"},
				"down": {"uv": [0, 3, 2, 12], "texture": "#0"}
			}
		},
		{
			"from": [7, 4, -4],
			"to": [9, 6.5, 5],
			"rotation": {"angle": 0, "axis": "y", "origin": [8, 2, 13]},
			"faces": {
				"north": {"uv": [0, 0, 2, 2.5], "texture": "#0"},
				"east": {"uv": [0, 0.25, 9, 2.75], "texture": "#0"},
				"south": {"uv": [0, 0, 2, 2.5], "texture": "#0"},
				"west": {"uv": [0, 0.25, 9, 2.75], "texture": "#0"},
				"up": {"uv": [0, 3, 2, 12], "texture": "#0"},
				"down": {"uv": [0, 3, 2, 12], "texture": "#0"}
			}
		},
		{
			"from": [7, 5.5, 5],
			"to": [8, 6.5, 14],
			"rotation": {"angle": 0, "axis": "y", "origin": [8, 2, 13]},
			"faces": {
				"north": {"uv": [15, 15, 16, 16], "texture": "#0"},
				"east": {"uv": [7, 15, 16, 16], "texture": "#0"},
				"south": {"uv": [13, 15, 14, 16], "texture": "#0"},
				"west": {"uv": [7, 15, 16, 16], "texture": "#0"},
				"up": {"uv": [15, 7, 16, 16], "texture": "#0"},
				"down": {"uv": [15, 7, 16, 16], "texture": "#0"}
			}
		},
		{
			"from": [8, 5.5, 5],
			"to": [9, 6.5, 14],
			"rotation": {"angle": 0, "axis": "y", "origin": [8, 2, 13]},
			"faces": {
				"north": {"uv": [15, 15, 16, 16], "texture": "#0"},
				"east": {"uv": [6, 15, 15, 16], "texture": "#0"},
				"south": {"uv": [14, 15, 15, 16], "texture": "#0"},
				"west": {"uv": [7, 15, 16, 16], "texture": "#0"},
				"up": {"uv": [15, 5, 16, 14], "texture": "#0"},
				"down": {"uv": [15, 7, 16, 16], "texture": "#0"}
			}
		},
		{
			"from": [7.5, 6.5, 11.25],
			"to": [8.5, 7, 12.75],
			"rotation": {"angle": 0, "axis": "y", "origin": [8, 2, 13]},
			"faces": {
				"north": {"uv": [14, 15.5, 15, 16], "texture": "#0"},
				"east": {"uv": [14, 15, 15.5, 15.5], "texture": "#0"},
				"south": {"uv": [12, 15, 13, 15.5], "texture": "#0"},
				"west": {"uv": [13, 15.5, 14.5, 16], "texture": "#0"},
				"up": {"uv": [15, 13, 16, 14.5], "texture": "#0"},
				"down": {"uv": [15, 14.5, 16, 16], "texture": "#0"}
			}
		},
		{
			"from": [8.5, 6.5, 12],
			"to": [8.75, 7, 12.5],
			"rotation": {"angle": 0, "axis": "y", "origin": [8, 2, 13]},
			"faces": {
				"north": {"uv": [14, 15.5, 14.25, 16], "texture": "#0"},
				"east": {"uv": [14, 15, 14.5, 15.5], "texture": "#0"},
				"south": {"uv": [13, 15, 13.25, 15.5], "texture": "#0"},
				"west": {"uv": [13, 15.5, 13.5, 16], "texture": "#0"},
				"up": {"uv": [15, 13, 15.25, 13.5], "texture": "#0"},
				"down": {"uv": [15, 14.5, 15.25, 15], "texture": "#0"}
			}
		},
		{
			"from": [7.25, 6.5, 12],
			"to": [7.5, 7, 12.5],
			"rotation": {"angle": 0, "axis": "y", "origin": [8, 2, 13]},
			"faces": {
				"north": {"uv": [14, 15.5, 14.25, 16], "texture": "#0"},
				"east": {"uv": [14, 15, 14.5, 15.5], "texture": "#0"},
				"south": {"uv": [13, 15, 13.25, 15.5], "texture": "#0"},
				"west": {"uv": [12, 15.5, 12.5, 16], "texture": "#0"},
				"up": {"uv": [15, 13, 15.25, 13.5], "texture": "#0"},
				"down": {"uv": [15, 14.5, 15.25, 15], "texture": "#0"}
			}
		},
		{
			"from": [7, 4, -4.5],
			"to": [9, 6.5, -4],
			"rotation": {"angle": 0, "axis": "y", "origin": [8, 2, 13]},
			"faces": {
				"north": {"uv": [10, 6, 12, 8.5], "texture": "#0"},
				"east": {"uv": [8, 7, 8.5, 9.5], "texture": "#0"},
				"south": {"uv": [9, 6, 11, 8.5], "texture": "#0"},
				"west": {"uv": [9, 7, 9.5, 9.5], "texture": "#0"},
				"up": {"uv": [11, 7, 13, 7.5], "texture": "#0"},
				"down": {"uv": [9, 7, 11, 7.5], "texture": "#0"}
			}
		},
		{
			"from": [7.25, 1.5, 6],
			"to": [8.75, 4, 10],
			"rotation": {"angle": 0, "axis": "y", "origin": [8, 2, 13]},
			"faces": {
				"north": {"uv": [8.25, 6, 9.75, 8.5], "texture": "#0"},
				"east": {"uv": [10, 6, 14, 8.5], "texture": "#0"},
				"south": {"uv": [8.25, 6, 9.75, 8.5], "texture": "#0"},
				"west": {"uv": [10, 6, 14, 8.5], "texture": "#0"},
				"up": {"uv": [8.25, 6, 9.75, 10], "texture": "#0"},
				"down": {"uv": [8.25, 6, 9.75, 10], "texture": "#0"}
			}
		},
		{
			"from": [7.6, 2.25, 12.25],
			"to": [8.4, 4.25, 14.25],
			"rotation": {"angle": 0, "axis": "y", "origin": [8, 2, 13]},
			"faces": {
				"north": {"uv": [15.2, 0, 16, 2], "texture": "#0"},
				"east": {"uv": [14, 0, 16, 2], "texture": "#0"},
				"south": {"uv": [15.2, 0, 16, 2], "texture": "#0"},
				"west": {"uv": [14, 0, 16, 2], "texture": "#0"},
				"up": {"uv": [15.2, 0, 16, 2], "texture": "#0"},
				"down": {"uv": [15.2, 0, 16, 2], "texture": "#0"}
			}
		},
		{
			"from": [7.02, 2.66, 13.09],
			"to": [9.02, 4.16, 18.09],
			"rotation": {"angle": 45, "axis": "x", "origin": [8, 4.61993, 15.1676]},
			"faces": {
				"north": {"uv": [0, 0, 2, 1.5], "texture": "#0"},
				"east": {"uv": [0, 0, 5, 1.5], "texture": "#0"},
				"south": {"uv": [0, 0, 2, 1.5], "texture": "#0"},
				"west": {"uv": [0, 0, 5, 1.5], "texture": "#0"},
				"up": {"uv": [0, 3, 2, 8], "texture": "#0"},
				"down": {"uv": [0, 3, 2, 8], "texture": "#0"}
			}
		},
		{
			"from": [7.01, 1.71, 16],
			"to": [9.01, 3.71, 19.5],
			"rotation": {"angle": -22.5, "axis": "x", "origin": [8, 2.91282, 16.88476]},
			"faces": {
				"north": {"uv": [0, 0, 2, 2], "rotation": 180, "texture": "#0"},
				"east": {"uv": [0, 0, 2, 3.5], "rotation": 270, "texture": "#0"},
				"south": {"uv": [0, 0, 2, 2], "texture": "#0"},
				"west": {"uv": [0, 0, 2, 3.5], "rotation": 90, "texture": "#0"},
				"up": {"uv": [0, 0, 2, 3.5], "rotation": 180, "texture": "#0"},
				"down": {"uv": [0, 0, 2, 3.5], "texture": "#0"}
			}
		},
		{
			"from": [7, -0.84, 22.41],
			"to": [9, 4.66, 26.91],
			"rotation": {"angle": 0, "axis": "y", "origin": [8, 3.91282, 14.88476]},
			"faces": {
				"north": {"uv": [0, 0, 2, 5.5], "texture": "#0"},
				"east": {"uv": [0, 0, 4.5, 5.5], "texture": "#0"},
				"south": {"uv": [0, 0, 2, 5.5], "texture": "#0"},
				"west": {"uv": [0, 0, 4.5, 5.5], "texture": "#0"},
				"up": {"uv": [0, 0, 2, 4.5], "texture": "#0"},
				"down": {"uv": [0, 0, 2, 4.5], "texture": "#0"}
			}
		},
		{
			"from": [7.03, -0.24, 16.78476],
			"to": [9.03, 2.26, 27.78476],
			"rotation": {"angle": 22.5, "axis": "x", "origin": [8, 2.91282, 19.88476]},
			"faces": {
				"north": {"uv": [0, 0, 2, 2.5], "texture": "#0"},
				"east": {"uv": [0, 0, 11, 2.5], "texture": "#0"},
				"south": {"uv": [0, 0, 2, 2.5], "texture": "#0"},
				"west": {"uv": [0, 0, 11, 2.5], "texture": "#0"},
				"up": {"uv": [0, 0, 2, 11], "texture": "#0"},
				"down": {"uv": [0, 0, 2, 11], "texture": "#0"}
			}
		},
		{
			"name": "octagon",
			"from": [7.79289, 4.15, -7.5],
			"to": [8.20711, 4.45, -4.5],
			"rotation": {"angle": 45, "axis": "z", "origin": [8, 4.65, -5.5]},
			"faces": {
				"north": {"uv": [11, 15, 12, 16], "texture": "#0"},
				"east": {"uv": [13, 15, 14, 16], "texture": "#0"},
				"south": {"uv": [15, 15, 16, 16], "texture": "#0"},
				"west": {"uv": [13, 15, 14, 16], "texture": "#0"},
				"up": {"uv": [15, 13, 16, 14], "texture": "#0"},
				"down": {"uv": [15, 13, 16, 16], "texture": "#0"}
			}
		},
		{
			"name": "octagon",
			"from": [7.79289, 4.15, -7.5],
			"to": [8.20711, 4.45, -4.5],
			"rotation": {"angle": 0, "axis": "y", "origin": [8, 4.65, -5.5]},
			"faces": {
				"north": {"uv": [11, 15, 12, 16], "texture": "#0"},
				"east": {"uv": [13, 15, 14, 16], "texture": "#0"},
				"south": {"uv": [15, 15, 16, 16], "texture": "#0"},
				"west": {"uv": [13, 15, 14, 16], "texture": "#0"},
				"up": {"uv": [15, 13, 16, 16], "texture": "#0"},
				"down": {"uv": [15, 13, 16, 16], "texture": "#0"}
			}
		},
		{
			"name": "octagon",
			"from": [7.79289, 4.85, -7.5],
			"to": [8.20711, 5.15, -4.5],
			"rotation": {"angle": 45, "axis": "z", "origin": [8, 4.65, -5.5]},
			"faces": {
				"north": {"uv": [11, 15, 12, 16], "texture": "#0"},
				"east": {"uv": [13, 15, 14, 16], "texture": "#0"},
				"south": {"uv": [15, 15, 16, 16], "texture": "#0"},
				"west": {"uv": [13, 15, 14, 16], "texture": "#0"},
				"up": {"uv": [15, 13, 16, 16], "texture": "#0"},
				"down": {"uv": [15, 13, 16, 14], "texture": "#0"}
			}
		},
		{
			"name": "octagon",
			"from": [7.79289, 4.15, -7.5],
			"to": [8.20711, 5.15, -4.5],
			"rotation": {"angle": 0, "axis": "y", "origin": [8, 4.65, -5.5]},
			"faces": {
				"north": {"uv": [11, 15, 12, 16], "texture": "#0"},
				"east": {"uv": [13, 15, 14, 16], "texture": "#0"},
				"south": {"uv": [15, 15, 16, 16], "texture": "#0"},
				"west": {"uv": [13, 15, 14, 16], "texture": "#0"},
				"up": {"uv": [15, 13, 16, 14], "texture": "#0"},
				"down": {"uv": [15, 13, 16, 14], "texture": "#0"}
			}
		},
		{
			"name": "octagon",
			"from": [7.5, 4.44289, -7.5],
			"to": [7.8, 4.85711, -4.5],
			"rotation": {"angle": 45, "axis": "z", "origin": [8, 4.65, -5.5]},
			"faces": {
				"north": {"uv": [11, 15, 12, 16], "texture": "#0"},
				"east": {"uv": [13, 15, 14, 16], "texture": "#0"},
				"south": {"uv": [15, 15, 16, 16], "texture": "#0"},
				"west": {"uv": [13, 15, 16, 16], "texture": "#0"},
				"up": {"uv": [15, 13, 16, 14], "texture": "#0"},
				"down": {"uv": [15, 13, 16, 14], "texture": "#0"}
			}
		},
		{
			"name": "octagon",
			"from": [7.5, 4.44289, -7.5],
			"to": [7.8, 4.85711, -4.5],
			"rotation": {"angle": 0, "axis": "y", "origin": [8, 4.65, -5.5]},
			"faces": {
				"north": {"uv": [11, 15, 12, 16], "texture": "#0"},
				"east": {"uv": [13, 15, 14, 16], "texture": "#0"},
				"south": {"uv": [15, 15, 16, 16], "texture": "#0"},
				"west": {"uv": [13, 15, 16, 16], "texture": "#0"},
				"up": {"uv": [15, 13, 16, 14], "texture": "#0"},
				"down": {"uv": [15, 13, 16, 14], "texture": "#0"}
			}
		},
		{
			"name": "octagon",
			"from": [8.2, 4.44289, -7.5],
			"to": [8.5, 4.85711, -4.5],
			"rotation": {"angle": 45, "axis": "z", "origin": [8, 4.65, -5.5]},
			"faces": {
				"north": {"uv": [11, 15, 12, 16], "texture": "#0"},
				"east": {"uv": [13, 15, 16, 16], "texture": "#0"},
				"south": {"uv": [15, 15, 16, 16], "texture": "#0"},
				"west": {"uv": [13, 15, 14, 16], "texture": "#0"},
				"up": {"uv": [15, 13, 16, 14], "texture": "#0"},
				"down": {"uv": [15, 13, 16, 14], "texture": "#0"}
			}
		},
		{
			"name": "octagon",
			"from": [8.2, 4.44289, -7.5],
			"to": [8.5, 4.85711, -4.5],
			"rotation": {"angle": 0, "axis": "y", "origin": [8, 4.65, -5.5]},
			"faces": {
				"north": {"uv": [11, 15, 12, 16], "texture": "#0"},
				"east": {"uv": [13, 15, 16, 16], "texture": "#0"},
				"south": {"uv": [15, 15, 16, 16], "texture": "#0"},
				"west": {"uv": [13, 15, 14, 16], "texture": "#0"},
				"up": {"uv": [15, 13, 16, 14], "texture": "#0"},
				"down": {"uv": [15, 13, 16, 14], "texture": "#0"}
			}
		},
		{
			"name": "octagon",
			"from": [7.79289, 5.35, -15.99],
			"to": [8.20711, 5.65, -4.49],
			"rotation": {"angle": 45, "axis": "z", "origin": [8, 5.85, -5.5]},
			"faces": {
				"north": {"uv": [8, 15, 9, 16], "texture": "#0"},
				"east": {"uv": [5, 15, 6, 16], "texture": "#0"},
				"south": {"uv": [15, 15, 16, 16], "texture": "#0"},
				"west": {"uv": [5, 15, 6, 16], "texture": "#0"},
				"up": {"uv": [15, 5, 16, 6], "texture": "#0"},
				"down": {"uv": [15, 5, 16, 16], "texture": "#0"}
			}
		},
		{
			"name": "octagon",
			"from": [7.79289, 5.35, -16],
			"to": [8.20711, 5.65, -4.5],
			"rotation": {"angle": 0, "axis": "z", "origin": [8, 5.85, -5.5]},
			"faces": {
				"north": {"uv": [12, 15, 13, 16], "texture": "#0"},
				"east": {"uv": [5, 15, 6, 16], "texture": "#0"},
				"south": {"uv": [15, 15, 16, 16], "texture": "#0"},
				"west": {"uv": [5, 15, 6, 16], "texture": "#0"},
				"up": {"uv": [15, 5, 16, 6], "texture": "#0"},
				"down": {"uv": [15, 5, 16, 16], "texture": "#0"}
			}
		},
		{
			"name": "octagon",
			"from": [7.79289, 6.05, -15.99],
			"to": [8.20711, 6.35, -4.49],
			"rotation": {"angle": 45, "axis": "z", "origin": [8, 5.85, -5.5]},
			"faces": {
				"north": {"uv": [6, 15, 7, 16], "texture": "#0"},
				"east": {"uv": [5, 15, 6, 16], "texture": "#0"},
				"south": {"uv": [15, 15, 16, 16], "texture": "#0"},
				"west": {"uv": [5, 15, 6, 16], "texture": "#0"},
				"up": {"uv": [15, 5, 16, 16], "texture": "#0"},
				"down": {"uv": [15, 5, 16, 6], "texture": "#0"}
			}
		},
		{
			"name": "octagon",
			"from": [7.79289, 6.05, -16],
			"to": [8.20711, 6.35, -4.5],
			"rotation": {"angle": 0, "axis": "z", "origin": [8, 5.85, -5.5]},
			"faces": {
				"north": {"uv": [7, 15, 8, 16], "texture": "#0"},
				"east": {"uv": [5, 15, 6, 16], "texture": "#0"},
				"south": {"uv": [15, 15, 16, 16], "texture": "#0"},
				"west": {"uv": [5, 15, 6, 16], "texture": "#0"},
				"up": {"uv": [15, 5, 16, 16], "texture": "#0"},
				"down": {"uv": [15, 5, 16, 6], "texture": "#0"}
			}
		},
		{
			"name": "octagon",
			"from": [7.5, 5.64289, -15.99],
			"to": [7.8, 6.05711, -4.49],
			"rotation": {"angle": 45, "axis": "z", "origin": [8, 5.85, -5.5]},
			"faces": {
				"north": {"uv": [12, 15, 13, 16], "texture": "#0"},
				"east": {"uv": [5, 15, 6, 16], "texture": "#0"},
				"south": {"uv": [15, 15, 16, 16], "texture": "#0"},
				"west": {"uv": [5, 15, 16, 16], "texture": "#0"},
				"up": {"uv": [15, 5, 16, 6], "texture": "#0"},
				"down": {"uv": [15, 5, 16, 6], "texture": "#0"}
			}
		},
		{
			"name": "octagon",
			"from": [7.5, 5.64289, -16],
			"to": [7.8, 6.05711, -4.5],
			"rotation": {"angle": 0, "axis": "z", "origin": [8, 5.85, -5.5]},
			"faces": {
				"north": {"uv": [8, 15, 9, 16], "texture": "#0"},
				"east": {"uv": [5, 15, 6, 16], "texture": "#0"},
				"south": {"uv": [15, 15, 16, 16], "texture": "#0"},
				"west": {"uv": [5, 15, 16, 16], "texture": "#0"},
				"up": {"uv": [15, 5, 16, 6], "texture": "#0"},
				"down": {"uv": [15, 5, 16, 6], "texture": "#0"}
			}
		},
		{
			"name": "octagon",
			"from": [8.2, 5.64289, -15.99],
			"to": [8.5, 6.05711, -4.49],
			"rotation": {"angle": 45, "axis": "z", "origin": [8, 5.85, -5.5]},
			"faces": {
				"north": {"uv": [10, 15, 11, 16], "texture": "#0"},
				"east": {"uv": [5, 15, 16, 16], "texture": "#0"},
				"south": {"uv": [15, 15, 16, 16], "texture": "#0"},
				"west": {"uv": [5, 15, 6, 16], "texture": "#0"},
				"up": {"uv": [15, 5, 16, 6], "texture": "#0"},
				"down": {"uv": [15, 5, 16, 6], "texture": "#0"}
			}
		},
		{
			"name": "octagon",
			"from": [8.2, 5.64289, -16],
			"to": [8.5, 6.05711, -4.5],
			"rotation": {"angle": 0, "axis": "z", "origin": [8, 5.85, -5.5]},
			"faces": {
				"north": {"uv": [11, 15, 12, 16], "texture": "#0"},
				"east": {"uv": [5, 15, 16, 16], "texture": "#0"},
				"south": {"uv": [15, 15, 16, 16], "texture": "#0"},
				"west": {"uv": [5, 15, 6, 16], "texture": "#0"},
				"up": {"uv": [15, 5, 16, 6], "texture": "#0"},
				"down": {"uv": [15, 5, 16, 6], "texture": "#0"}
			}
		},
		{
			"name": "octagon",
			"from": [7.74112, 6.225, -7],
			"to": [8.25888, 6.475, -6.5],
			"rotation": {"angle": 45, "axis": "z", "origin": [8, 5.85, -6]},
			"faces": {
				"north": {"uv": [10, 6, 11, 7], "texture": "#0"},
				"east": {"uv": [8, 7, 9, 8], "texture": "#0"},
				"south": {"uv": [9, 6, 10, 7], "texture": "#0"},
				"west": {"uv": [9, 7, 10, 8], "texture": "#0"},
				"up": {"uv": [11, 7, 12, 8], "texture": "#0"},
				"down": {"uv": [9, 7, 10, 8], "texture": "#0"}
			}
		},
		{
			"name": "octagon",
			"from": [7.375, 4.34112, -7],
			"to": [7.625, 4.85888, -6.5],
			"rotation": {"angle": 45, "axis": "z", "origin": [8, 4.6, -6]},
			"faces": {
				"north": {"uv": [10, 6, 11, 7], "texture": "#0"},
				"east": {"uv": [8, 7, 9, 8], "texture": "#0"},
				"south": {"uv": [9, 6, 10, 7], "texture": "#0"},
				"west": {"uv": [9, 7, 10, 8], "texture": "#0"},
				"up": {"uv": [11, 7, 12, 8], "texture": "#0"},
				"down": {"uv": [9, 7, 10, 8], "texture": "#0"}
			}
		},
		{
			"name": "octagon",
			"from": [7.74112, 3.975, -7],
			"to": [8.25888, 4.225, -6.5],
			"rotation": {"angle": 45, "axis": "z", "origin": [8, 4.6, -6]},
			"faces": {
				"north": {"uv": [10, 6, 11, 7], "texture": "#0"},
				"east": {"uv": [8, 7, 9, 8], "texture": "#0"},
				"south": {"uv": [9, 6, 10, 7], "texture": "#0"},
				"west": {"uv": [9, 7, 10, 8], "texture": "#0"},
				"up": {"uv": [11, 7, 12, 8], "texture": "#0"},
				"down": {"uv": [9, 7, 10, 8], "texture": "#0"}
			}
		},
		{
			"name": "octagon",
			"from": [7.74112, 3.975, -7],
			"to": [8.25888, 6.475, -6.5],
			"rotation": {"angle": 0, "axis": "z", "origin": [8, 5.85, -6]},
			"faces": {
				"north": {"uv": [10, 6, 11, 7], "texture": "#0"},
				"east": {"uv": [8, 7, 9, 8], "texture": "#0"},
				"south": {"uv": [9, 6, 10, 7], "texture": "#0"},
				"west": {"uv": [9, 7, 10, 8], "texture": "#0"},
				"up": {"uv": [11, 7, 12, 8], "texture": "#0"},
				"down": {"uv": [9, 7, 10, 8], "texture": "#0"}
			}
		},
		{
			"name": "octagon",
			"from": [8.375, 5.59112, -7],
			"to": [8.625, 6.10888, -6.5],
			"rotation": {"angle": 45, "axis": "z", "origin": [8, 5.85, -6]},
			"faces": {
				"north": {"uv": [10, 6, 11, 7], "texture": "#0"},
				"east": {"uv": [8, 7, 9, 8], "texture": "#0"},
				"south": {"uv": [9, 6, 10, 7], "texture": "#0"},
				"west": {"uv": [9, 7, 10, 8], "texture": "#0"},
				"up": {"uv": [11, 7, 12, 8], "texture": "#0"},
				"down": {"uv": [9, 7, 10, 8], "texture": "#0"}
			}
		},
		{
			"name": "octagon",
			"from": [7.375, 4.34112, -7],
			"to": [8.625, 6.10888, -6.5],
			"rotation": {"angle": 0, "axis": "z", "origin": [8, 4.6, -6]},
			"faces": {
				"north": {"uv": [10, 6, 11, 7], "texture": "#0"},
				"east": {"uv": [8, 7, 9, 8], "texture": "#0"},
				"south": {"uv": [9, 6, 10, 7], "texture": "#0"},
				"west": {"uv": [9, 7, 10, 8], "texture": "#0"},
				"up": {"uv": [11, 7, 12, 8], "texture": "#0"},
				"down": {"uv": [9, 7, 10, 8], "texture": "#0"}
			}
		},
		{
			"from": [7.75, 6, -14.5],
			"to": [8.25, 6.75, -13.5],
			"faces": {
				"north": {"uv": [15.5, 15.25, 16, 16], "texture": "#0"},
				"east": {"uv": [15, 15.25, 16, 16], "texture": "#0"},
				"south": {"uv": [15.5, 15.25, 16, 16], "texture": "#0"},
				"west": {"uv": [15, 15.25, 16, 16], "texture": "#0"},
				"up": {"uv": [15.5, 15, 16, 16], "texture": "#0"},
				"down": {"uv": [15.5, 15, 16, 16], "texture": "#0"}
			}
		},
		{
			"from": [7.75, 6.75, -14.1],
			"to": [8.25, 7, -13.6],
			"faces": {
				"north": {"uv": [15.5, 15.25, 16, 15.5], "texture": "#0"},
				"east": {"uv": [15, 15.25, 15.5, 15.5], "texture": "#0"},
				"south": {"uv": [15.5, 15.25, 16, 15.5], "texture": "#0"},
				"west": {"uv": [15, 15.25, 15.5, 15.5], "texture": "#0"},
				"up": {"uv": [15.5, 15, 16, 15.5], "texture": "#0"},
				"down": {"uv": [15.5, 15, 16, 15.5], "texture": "#0"}
			}
		},
		{
			"from": [7, 0.66, 18.99],
			"to": [9, 4.66, 22.39],
			"faces": {
				"north": {"uv": [0, 0, 2, 4], "texture": "#0"},
				"east": {"uv": [0, 0, 3.4, 4], "texture": "#0"},
				"south": {"uv": [0, 0, 2, 4], "texture": "#0"},
				"west": {"uv": [0, 0, 3.4, 4], "texture": "#0"},
				"up": {"uv": [0, 0, 2, 3.4], "texture": "#0"},
				"down": {"uv": [0, 0, 2, 3.4], "texture": "#0"}
			}
		}
	],
	"display": {
		"thirdperson_righthand": {
			"translation": [0, 4, -3.25]
		},
		"thirdperson_lefthand": {
			"translation": [-12, 4, -3.25]
		},
		"firstperson_righthand": {
			"translation": [-9, 8, 8.75]
		},
		"firstperson_lefthand": {
			"translation": [-9, 8, 8.75]
		},
		"ground": {
			"rotation": [0, 0, -90],
			"translation": [3.25, -2.75, 0],
			"scale": [0.9, 0.9, 0.9]
		},
		"gui": {
			"rotation": [21, 128, 0],
			"translation": [-0.5, 2.75, 0]
		},
		"head": {
			"translation": [0, 4.5, -45.25],
			"scale": [1, 1, 3]
		},
		"fixed": {
			"rotation": [0, -90, 0],
			"translation": [-1.75, 2.5, 0.25]
		}
	},
	"groups": [
		0,
		1,
		2,
		3,
		4,
		5,
		6,
		7,
		8,
		9,
		10,
		11,
		12,
		13,
		{
			"name": "octagon",
			"origin": [8, 8, 8],
			"color": 0,
			"children": [14, 15, 16, 17, 18, 19, 20, 21]
		},
		{
			"name": "octagon",
			"origin": [8, 8, 8],
			"color": 0,
			"children": [22, 23, 24, 25, 26, 27, 28, 29]
		},
		{
			"name": "octagon",
			"origin": [8, 8, 8],
			"color": 0,
			"children": [30, 31, 32, 33, 34, 35]
		},
		36,
		37,
		38
	]
}