{
	"credit": "Made with Blockbench",
	"textures": {
		"1": "gun_ammo/mp5"
	},
	"elements": [
		{
			"from": [7, 5, 4.01],
			"to": [9, 6, 11.01],
			"faces": {
				"north": {"uv": [5, 11, 7, 12], "texture": "#1"},
				"east": {"uv": [5, 11, 12, 12], "texture": "#1"},
				"south": {"uv": [10, 11, 12, 12], "texture": "#1"},
				"west": {"uv": [5, 11, 12, 12], "texture": "#1"},
				"up": {"uv": [7, 3, 9, 10], "texture": "#1"},
				"down": {"uv": [7, 3, 9, 10], "texture": "#1"}
			}
		},
		{
			"from": [7.75, 3.5, 7.36],
			"to": [8.25, 5, 9.11],
			"faces": {
				"north": {"uv": [15.5, 9, 16, 10.5], "texture": "#1"},
				"east": {"uv": [14.25, 9, 16, 10.5], "texture": "#1"},
				"south": {"uv": [15.5, 9, 16, 10.5], "texture": "#1"},
				"west": {"uv": [14.25, 9, 16, 10.5], "texture": "#1"},
				"up": {"uv": [15.5, 9, 16, 10.75], "texture": "#1"},
				"down": {"uv": [15.5, 9, 16, 10.75], "texture": "#1"}
			}
		},
		{
			"from": [7.01, 0.75, 9],
			"to": [9.01, 5.75, 11],
			"rotation": {"angle": -22.5, "axis": "x", "origin": [8, 3.5, 10]},
			"faces": {
				"north": {"uv": [4, 3, 6, 8], "texture": "#1"},
				"east": {"uv": [4, 3, 6, 8], "texture": "#1"},
				"south": {"uv": [4, 3, 6, 8], "texture": "#1"},
				"west": {"uv": [4, 3, 6, 8], "texture": "#1"},
				"up": {"uv": [4, 6, 6, 8], "texture": "#1"},
				"down": {"uv": [4, 3, 6, 5], "texture": "#1"}
			}
		},
		{
			"name": "octagon",
			"from": [7.58579, 5.4, -1.03],
			"to": [8.41421, 7.4, 10.97],
			"rotation": {"angle": 45, "axis": "z", "origin": [8, 6.4, 10]},
			"faces": {
				"north": {"uv": [10, 0, 11, 1], "texture": "#1"},
				"east": {"uv": [0, 0, 1, 1], "texture": "#1"},
				"south": {"uv": [0, 0, 1, 1], "texture": "#1"},
				"west": {"uv": [0, 0, 1, 1], "texture": "#1"},
				"up": {"uv": [0, 0, 1, 12], "texture": "#1"},
				"down": {"uv": [0, 12, 1, 0], "texture": "#1"}
			}
		},
		{
			"name": "octagon",
			"from": [7.58579, 5.4, -1.02],
			"to": [8.41421, 7.4, 10.98],
			"rotation": {"angle": 0, "axis": "z", "origin": [8, 6.4, 10]},
			"faces": {
				"north": {"uv": [3, 0, 4, 1], "texture": "#1"},
				"east": {"uv": [0, 0, 1, 1], "texture": "#1"},
				"south": {"uv": [5, 0, 6, 1], "texture": "#1"},
				"west": {"uv": [0, 0, 1, 1], "texture": "#1"},
				"up": {"uv": [0, 0, 1, 12], "texture": "#1"},
				"down": {"uv": [0, 12, 1, 0], "texture": "#1"}
			}
		},
		{
			"name": "octagon",
			"from": [7, 5.98579, -1.03],
			"to": [9, 6.81421, 10.97],
			"rotation": {"angle": 45, "axis": "z", "origin": [8, 6.4, 10]},
			"faces": {
				"north": {"uv": [0, 0, 1, 1], "texture": "#1"},
				"east": {"uv": [12, 0, 0, 1], "texture": "#1"},
				"south": {"uv": [11, 0, 12, 1], "texture": "#1"},
				"west": {"uv": [1, 0, 13, 1], "texture": "#1"},
				"up": {"uv": [0, 0, 1, 1], "texture": "#1"},
				"down": {"uv": [0, 0, 1, 1], "texture": "#1"}
			}
		},
		{
			"name": "octagon",
			"from": [7, 5.98579, -1],
			"to": [9, 6.81421, 11],
			"rotation": {"angle": 0, "axis": "z", "origin": [8, 6.4, 10]},
			"faces": {
				"north": {"uv": [2, 0, 3, 1], "texture": "#1"},
				"east": {"uv": [12, 0, 0, 1], "texture": "#1"},
				"south": {"uv": [4, 0, 6, 1], "texture": "#1"},
				"west": {"uv": [0, 0, 12, 1], "texture": "#1"},
				"up": {"uv": [0, 0, 1, 1], "texture": "#1"},
				"down": {"uv": [0, 0, 1, 1], "texture": "#1"}
			}
		},
		{
			"name": "octagon",
			"from": [7.79289, 6.85, 0.5],
			"to": [8.20711, 7.85, 10.5],
			"rotation": {"angle": 45, "axis": "z", "origin": [8, 7.35, 10.5]},
			"faces": {
				"north": {"uv": [0, 0, 1, 1], "texture": "#1"},
				"east": {"uv": [0, 0, 0, 1], "texture": "#1"},
				"south": {"uv": [0, 0, 1, 1], "texture": "#1"},
				"west": {"uv": [0, 0, 0, 1], "texture": "#1"},
				"up": {"uv": [1, 0, 0, 10], "texture": "#1"},
				"down": {"uv": [0, 0, 1, 10], "texture": "#1"}
			}
		},
		{
			"name": "octagon",
			"from": [7.79289, 6.85, 0.51],
			"to": [8.20711, 7.85, 10.51],
			"rotation": {"angle": 0, "axis": "y", "origin": [8, 7.35, 10.5]},
			"faces": {
				"north": {"uv": [0, 0, 1, 1], "texture": "#1"},
				"east": {"uv": [0, 0, 0, 1], "texture": "#1"},
				"south": {"uv": [0, 11, 1, 12], "texture": "#1"},
				"west": {"uv": [0, 0, 0, 1], "texture": "#1"},
				"up": {"uv": [0, 0, 1, 10], "texture": "#1"},
				"down": {"uv": [0, 0, 1, 10], "texture": "#1"}
			}
		},
		{
			"name": "octagon",
			"from": [7.5, 7.14289, 0.5],
			"to": [8.5, 7.55711, 10.5],
			"rotation": {"angle": 45, "axis": "z", "origin": [8, 7.35, 10.5]},
			"faces": {
				"north": {"uv": [0, 0, 1, 1], "texture": "#1"},
				"east": {"uv": [10, 0, 0, 1], "texture": "#1"},
				"south": {"uv": [0, 8, 1, 9], "texture": "#1"},
				"west": {"uv": [0, 0, 10, 1], "texture": "#1"},
				"up": {"uv": [0, 0, 1, 0], "texture": "#1"},
				"down": {"uv": [0, 0, 1, 0], "texture": "#1"}
			}
		},
		{
			"name": "octagon",
			"from": [7.5, 7.14289, 0.52],
			"to": [8.5, 7.55711, 10.52],
			"rotation": {"angle": 0, "axis": "y", "origin": [8, 7.35, 10.5]},
			"faces": {
				"north": {"uv": [0, 0, 1, 1], "texture": "#1"},
				"east": {"uv": [10, 0, 0, 1], "texture": "#1"},
				"south": {"uv": [0, 6, 1, 7], "texture": "#1"},
				"west": {"uv": [0, 0, 10, 1], "texture": "#1"},
				"up": {"uv": [0, 0, 1, 0], "texture": "#1"},
				"down": {"uv": [0, 0, 1, 0], "texture": "#1"}
			}
		},
		{
			"name": "octagon",
			"from": [7.79289, 5.75, -3],
			"to": [8.20711, 6.05, -1],
			"rotation": {"angle": 45, "axis": "z", "origin": [8, 6.25, -2]},
			"faces": {
				"north": {"uv": [0, 0, 1, 1], "texture": "#1"},
				"east": {"uv": [0, 0, 1, 1], "texture": "#1"},
				"south": {"uv": [0, 0, 1, 1], "texture": "#1"},
				"west": {"uv": [0, 0, 1, 1], "texture": "#1"},
				"up": {"uv": [0, 0, 1, 1], "texture": "#1"},
				"down": {"uv": [0, 0, 1, 2], "texture": "#1"}
			}
		},
		{
			"name": "octagon",
			"from": [7.79289, 5.75, -3.01],
			"to": [8.20711, 6.05, -1.01],
			"rotation": {"angle": 0, "axis": "z", "origin": [8, 6.25, -2]},
			"faces": {
				"north": {"uv": [0, 4, 1, 5], "texture": "#1"},
				"east": {"uv": [0, 0, 1, 1], "texture": "#1"},
				"south": {"uv": [0, 0, 1, 1], "texture": "#1"},
				"west": {"uv": [0, 0, 1, 1], "texture": "#1"},
				"up": {"uv": [0, 0, 1, 1], "texture": "#1"},
				"down": {"uv": [0, 0, 1, 2], "texture": "#1"}
			}
		},
		{
			"name": "octagon",
			"from": [7.79289, 6.45, -3],
			"to": [8.20711, 6.75, -1],
			"rotation": {"angle": 45, "axis": "z", "origin": [8, 6.25, -2]},
			"faces": {
				"north": {"uv": [0, 0, 1, 1], "texture": "#1"},
				"east": {"uv": [0, 0, 1, 1], "texture": "#1"},
				"south": {"uv": [0, 0, 1, 1], "texture": "#1"},
				"west": {"uv": [0, 0, 1, 1], "texture": "#1"},
				"up": {"uv": [0, 0, 1, 2], "texture": "#1"},
				"down": {"uv": [0, 0, 1, 1], "texture": "#1"}
			}
		},
		{
			"name": "octagon",
			"from": [7.79289, 6.45, -3.01],
			"to": [8.20711, 6.75, -1.01],
			"rotation": {"angle": 0, "axis": "z", "origin": [8, 6.25, -2]},
			"faces": {
				"north": {"uv": [6, 0, 7, 1], "texture": "#1"},
				"east": {"uv": [0, 0, 1, 1], "texture": "#1"},
				"south": {"uv": [0, 0, 1, 1], "texture": "#1"},
				"west": {"uv": [0, 0, 1, 1], "texture": "#1"},
				"up": {"uv": [0, 0, 1, 2], "texture": "#1"},
				"down": {"uv": [0, 0, 1, 1], "texture": "#1"}
			}
		},
		{
			"name": "octagon",
			"from": [7.5, 6.04289, -3],
			"to": [7.8, 6.45711, -1],
			"rotation": {"angle": 45, "axis": "z", "origin": [8, 6.25, -2]},
			"faces": {
				"north": {"uv": [0, 0, 1, 1], "texture": "#1"},
				"east": {"uv": [0, 0, 1, 1], "texture": "#1"},
				"south": {"uv": [0, 0, 1, 1], "texture": "#1"},
				"west": {"uv": [0, 0, 2, 1], "texture": "#1"},
				"up": {"uv": [0, 0, 1, 1], "texture": "#1"},
				"down": {"uv": [0, 0, 1, 1], "texture": "#1"}
			}
		},
		{
			"name": "octagon",
			"from": [7.5, 6.04289, -3.01],
			"to": [7.8, 6.45711, -1.01],
			"rotation": {"angle": 0, "axis": "z", "origin": [8, 6.25, -2]},
			"faces": {
				"north": {"uv": [0, 11, 1, 12], "texture": "#1"},
				"east": {"uv": [0, 0, 1, 1], "texture": "#1"},
				"south": {"uv": [0, 0, 1, 1], "texture": "#1"},
				"west": {"uv": [0, 0, 2, 1], "texture": "#1"},
				"up": {"uv": [0, 0, 1, 1], "texture": "#1"},
				"down": {"uv": [0, 0, 1, 1], "texture": "#1"}
			}
		},
		{
			"name": "octagon",
			"from": [8.2, 6.04289, -3],
			"to": [8.5, 6.45711, -1],
			"rotation": {"angle": 45, "axis": "z", "origin": [8, 6.25, -2]},
			"faces": {
				"north": {"uv": [0, 8, 1, 9], "texture": "#1"},
				"east": {"uv": [0, 0, 2, 1], "texture": "#1"},
				"south": {"uv": [0, 0, 1, 1], "texture": "#1"},
				"west": {"uv": [0, 0, 1, 1], "texture": "#1"},
				"up": {"uv": [0, 0, 1, 1], "texture": "#1"},
				"down": {"uv": [0, 0, 1, 1], "texture": "#1"}
			}
		},
		{
			"name": "octagon",
			"from": [8.2, 6.04289, -3.01],
			"to": [8.5, 6.45711, -1.01],
			"rotation": {"angle": 0, "axis": "z", "origin": [8, 6.25, -2]},
			"faces": {
				"north": {"uv": [0, 6, 1, 7], "texture": "#1"},
				"east": {"uv": [0, 0, 2, 1], "texture": "#1"},
				"south": {"uv": [0, 0, 1, 1], "texture": "#1"},
				"west": {"uv": [0, 0, 1, 1], "texture": "#1"},
				"up": {"uv": [0, 0, 1, 1], "texture": "#1"},
				"down": {"uv": [0, 0, 1, 1], "texture": "#1"}
			}
		},
		{
			"name": "octagon",
			"from": [7.84467, 5.8125, -2.9075],
			"to": [8.15533, 6.5625, -2.9075],
			"rotation": {"angle": 0, "axis": "y", "origin": [8, 6.1875, -2.15]},
			"faces": {
				"north": {"uv": [15, 15, 16, 16], "texture": "#1"},
				"east": {"uv": [15, 15, 16, 16], "texture": "#1"},
				"south": {"uv": [15, 15, 16, 16], "texture": "#1"},
				"west": {"uv": [15, 15, 16, 16], "texture": "#1"},
				"up": {"uv": [15, 15, 16, 16], "texture": "#1"},
				"down": {"uv": [15, 15, 16, 16], "texture": "#1"}
			}
		},
		{
			"name": "octagon",
			"from": [7.84467, 5.8125, -2.9],
			"to": [8.15533, 6.5625, -2.9],
			"rotation": {"angle": 45, "axis": "z", "origin": [8, 6.1875, -2.15]},
			"faces": {
				"north": {"uv": [15, 15, 16, 16], "texture": "#1"},
				"east": {"uv": [15, 15, 16, 16], "texture": "#1"},
				"south": {"uv": [15, 15, 16, 16], "texture": "#1"},
				"west": {"uv": [15, 15, 16, 16], "texture": "#1"},
				"up": {"uv": [15, 15, 16, 16], "texture": "#1"},
				"down": {"uv": [15, 15, 16, 16], "texture": "#1"}
			}
		},
		{
			"name": "octagon",
			"from": [7.84467, 6.3375, -2.9075],
			"to": [8.15533, 6.5625, -2.9075],
			"rotation": {"angle": 0, "axis": "y", "origin": [8, 6.1875, -2.15]},
			"faces": {
				"north": {"uv": [15, 15, 16, 16], "texture": "#1"},
				"east": {"uv": [15, 15, 16, 16], "texture": "#1"},
				"south": {"uv": [15, 15, 16, 16], "texture": "#1"},
				"west": {"uv": [15, 15, 16, 16], "texture": "#1"},
				"up": {"uv": [15, 15, 16, 16], "texture": "#1"},
				"down": {"uv": [15, 15, 16, 16], "texture": "#1"}
			}
		},
		{
			"name": "octagon",
			"from": [7.625, 6.03217, -2.9],
			"to": [8.375, 6.34283, -2.9],
			"rotation": {"angle": 45, "axis": "z", "origin": [8, 6.1875, -2.15]},
			"faces": {
				"north": {"uv": [15, 15, 16, 16], "texture": "#1"},
				"east": {"uv": [15, 15, 16, 16], "texture": "#1"},
				"south": {"uv": [15, 15, 16, 16], "texture": "#1"},
				"west": {"uv": [15, 15, 16, 16], "texture": "#1"},
				"up": {"uv": [15, 15, 16, 16], "texture": "#1"},
				"down": {"uv": [15, 15, 16, 16], "texture": "#1"}
			}
		},
		{
			"name": "octagon",
			"from": [7.625, 6.03217, -2.9075],
			"to": [8.375, 6.34283, -2.9075],
			"rotation": {"angle": 0, "axis": "y", "origin": [8, 6.1875, -2.15]},
			"faces": {
				"north": {"uv": [15, 15, 16, 16], "texture": "#1"},
				"east": {"uv": [15, 15, 16, 16], "texture": "#1"},
				"south": {"uv": [15, 15, 16, 16], "texture": "#1"},
				"west": {"uv": [15, 15, 16, 16], "texture": "#1"},
				"up": {"uv": [15, 15, 16, 16], "texture": "#1"},
				"down": {"uv": [15, 15, 16, 16], "texture": "#1"}
			}
		},
		{
			"name": "iron_sight",
			"from": [7.75, 7.25, -1.01],
			"to": [8.25, 8.25, -0.01],
			"faces": {
				"north": {"uv": [0, 6, 0.5, 7], "texture": "#1"},
				"east": {"uv": [0, 6, 1, 7], "texture": "#1"},
				"south": {"uv": [0, 6, 0.5, 7], "texture": "#1"},
				"west": {"uv": [0, 6, 1, 7], "texture": "#1"},
				"up": {"uv": [0, 6, 0.5, 7], "texture": "#1"},
				"down": {"uv": [0, 6, 0.5, 7], "texture": "#1"}
			}
		},
		{
			"name": "octagon",
			"from": [7.58579, 4.3, -0.25],
			"to": [8.41421, 6.3, 1],
			"rotation": {"angle": 45, "axis": "z", "origin": [8, 5.3, 1]},
			"faces": {
				"north": {"uv": [1, 15, 2, 16], "texture": "#1"},
				"east": {"uv": [0, 15, 1, 16], "texture": "#1"},
				"south": {"uv": [0, 15, 1, 16], "texture": "#1"},
				"west": {"uv": [0, 15, 1, 16], "texture": "#1"},
				"up": {"uv": [0, 15, 1, 16], "texture": "#1"},
				"down": {"uv": [1, 15, 2, 16], "texture": "#1"}
			}
		},
		{
			"name": "octagon",
			"from": [7.58579, 4.3, -0.25],
			"to": [8.41421, 6.3, 1],
			"rotation": {"angle": 0, "axis": "z", "origin": [8, 5.3, 1]},
			"faces": {
				"north": {"uv": [1, 15, 2, 16], "texture": "#1"},
				"east": {"uv": [0, 15, 1, 16], "texture": "#1"},
				"south": {"uv": [0, 15, 1, 16], "texture": "#1"},
				"west": {"uv": [0, 15, 1, 16], "texture": "#1"},
				"up": {"uv": [0, 15, 1, 16], "texture": "#1"},
				"down": {"uv": [0, 15, 1, 16], "texture": "#1"}
			}
		},
		{
			"name": "octagon",
			"from": [7, 4.88579, -0.25],
			"to": [9, 5.71421, 1],
			"rotation": {"angle": 45, "axis": "z", "origin": [8, 5.3, 1]},
			"faces": {
				"north": {"uv": [0, 15, 1, 16], "texture": "#1"},
				"east": {"uv": [0, 15, 1, 16], "texture": "#1"},
				"south": {"uv": [0, 15, 1, 16], "texture": "#1"},
				"west": {"uv": [1, 15, 2, 16], "texture": "#1"},
				"up": {"uv": [0, 15, 1, 16], "texture": "#1"},
				"down": {"uv": [0, 15, 1, 16], "texture": "#1"}
			}
		},
		{
			"name": "octagon",
			"from": [7, 4.88579, -0.25],
			"to": [9, 5.71421, 1],
			"rotation": {"angle": 0, "axis": "z", "origin": [8, 5.3, 1]},
			"faces": {
				"north": {"uv": [0, 15, 1, 16], "texture": "#1"},
				"east": {"uv": [0, 15, 1, 16], "texture": "#1"},
				"south": {"uv": [0, 15, 1, 16], "texture": "#1"},
				"west": {"uv": [0, 15, 1, 16], "texture": "#1"},
				"up": {"uv": [0, 15, 1, 16], "texture": "#1"},
				"down": {"uv": [0, 15, 1, 16], "texture": "#1"}
			}
		},
		{
			"name": "octagon",
			"from": [7.54437, 4.1, 3],
			"to": [8.45563, 6.3, 4],
			"rotation": {"angle": 45, "axis": "z", "origin": [8, 5.2, 3]},
			"faces": {
				"north": {"uv": [0, 15, 1, 16], "texture": "#1"},
				"east": {"uv": [0, 15, 1, 16], "texture": "#1"},
				"south": {"uv": [0, 15, 1, 16], "texture": "#1"},
				"west": {"uv": [0, 15, 1, 16], "texture": "#1"},
				"up": {"uv": [1, 15, 2, 16], "texture": "#1"},
				"down": {"uv": [0, 15, 1, 16], "texture": "#1"}
			}
		},
		{
			"name": "octagon",
			"from": [7.54437, 4.1, 3],
			"to": [8.45563, 6.3, 4],
			"rotation": {"angle": 0, "axis": "z", "origin": [8, 5.2, 3]},
			"faces": {
				"north": {"uv": [0, 15, 1, 16], "texture": "#1"},
				"east": {"uv": [0, 15, 1, 16], "texture": "#1"},
				"south": {"uv": [0, 15, 1, 16], "texture": "#1"},
				"west": {"uv": [0, 15, 1, 16], "texture": "#1"},
				"up": {"uv": [0, 15, 1, 16], "texture": "#1"},
				"down": {"uv": [1, 15, 2, 16], "texture": "#1"}
			}
		},
		{
			"name": "octagon",
			"from": [6.9, 4.74437, 3],
			"to": [9.1, 5.65563, 4],
			"rotation": {"angle": 45, "axis": "z", "origin": [8, 5.2, 3]},
			"faces": {
				"north": {"uv": [0, 15, 1, 16], "texture": "#1"},
				"east": {"uv": [0, 15, 1, 16], "texture": "#1"},
				"south": {"uv": [0, 15, 1, 16], "texture": "#1"},
				"west": {"uv": [0, 15, 1, 16], "texture": "#1"},
				"up": {"uv": [0, 15, 1, 16], "texture": "#1"},
				"down": {"uv": [0, 15, 1, 16], "texture": "#1"}
			}
		},
		{
			"name": "octagon",
			"from": [6.9, 4.74437, 3],
			"to": [9.1, 5.65563, 4],
			"rotation": {"angle": 0, "axis": "z", "origin": [8, 5.2, 3]},
			"faces": {
				"north": {"uv": [0, 15, 1, 16], "texture": "#1"},
				"east": {"uv": [1, 15, 2, 16], "texture": "#1"},
				"south": {"uv": [0, 15, 1, 16], "texture": "#1"},
				"west": {"uv": [0, 15, 1, 16], "texture": "#1"},
				"up": {"uv": [0, 15, 1, 16], "texture": "#1"},
				"down": {"uv": [0, 15, 1, 16], "texture": "#1"}
			}
		},
		{
			"name": "octagon",
			"from": [7.56508, 4.15, 1],
			"to": [8.43492, 6.25, 3],
			"rotation": {"angle": 45, "axis": "z", "origin": [8, 5.2, 2]},
			"faces": {
				"north": {"uv": [0, 15, 1, 16], "texture": "#1"},
				"east": {"uv": [0, 15, 1, 16], "texture": "#1"},
				"south": {"uv": [0, 15, 1, 16], "texture": "#1"},
				"west": {"uv": [0, 15, 1, 16], "texture": "#1"},
				"up": {"uv": [0, 14, 1, 16], "texture": "#1"},
				"down": {"uv": [0, 14, 1, 16], "texture": "#1"}
			}
		},
		{
			"name": "octagon",
			"from": [7.56508, 4.15, 1],
			"to": [8.43492, 6.25, 3],
			"rotation": {"angle": 0, "axis": "z", "origin": [8, 5.2, 2]},
			"faces": {
				"north": {"uv": [0, 15, 1, 16], "texture": "#1"},
				"east": {"uv": [0, 15, 1, 16], "texture": "#1"},
				"south": {"uv": [0, 15, 1, 16], "texture": "#1"},
				"west": {"uv": [0, 15, 1, 16], "texture": "#1"},
				"up": {"uv": [0, 14, 1, 16], "texture": "#1"},
				"down": {"uv": [0, 14, 1, 16], "texture": "#1"}
			}
		},
		{
			"name": "octagon",
			"from": [6.95, 4.76508, 1],
			"to": [9.05, 5.63492, 3],
			"rotation": {"angle": 45, "axis": "z", "origin": [8, 5.2, 2]},
			"faces": {
				"north": {"uv": [0, 15, 1, 16], "texture": "#1"},
				"east": {"uv": [0, 15, 2, 16], "texture": "#1"},
				"south": {"uv": [0, 15, 1, 16], "texture": "#1"},
				"west": {"uv": [1, 15, 3, 16], "texture": "#1"},
				"up": {"uv": [0, 15, 1, 16], "texture": "#1"},
				"down": {"uv": [0, 15, 1, 16], "texture": "#1"}
			}
		},
		{
			"name": "octagon",
			"from": [6.95, 4.76508, 1],
			"to": [9.05, 5.63492, 3],
			"rotation": {"angle": 0, "axis": "z", "origin": [8, 5.2, 2]},
			"faces": {
				"north": {"uv": [0, 15, 1, 16], "texture": "#1"},
				"east": {"uv": [0, 15, 2, 16], "texture": "#1"},
				"south": {"uv": [0, 15, 1, 16], "texture": "#1"},
				"west": {"uv": [0, 15, 2, 16], "texture": "#1"},
				"up": {"uv": [0, 15, 1, 16], "texture": "#1"},
				"down": {"uv": [0, 15, 1, 16], "texture": "#1"}
			}
		},
		{
			"from": [7.5, 2, 4.45],
			"to": [8.5, 5, 5.95],
			"rotation": {"angle": 0, "axis": "y", "origin": [7, 3, 4.45]},
			"faces": {
				"north": {"uv": [14.5, 0.25, 15.5, 3.25], "texture": "#1"},
				"east": {"uv": [14.25, 0.25, 15.75, 3.25], "texture": "#1"},
				"south": {"uv": [14.5, 0.25, 15.5, 3.25], "texture": "#1"},
				"west": {"uv": [14.25, 0.25, 15.75, 3.25], "texture": "#1"},
				"up": {"uv": [0, 0, 1, 1.5], "texture": "#1"},
				"down": {"uv": [14.5, 0.25, 15.5, 1.75], "texture": "#1"}
			}
		},
		{
			"from": [7.5, -0.6, 3.93],
			"to": [8.5, 2.4, 5.43],
			"rotation": {"angle": 22.5, "axis": "x", "origin": [8, 0.9, 4.7]},
			"faces": {
				"north": {"uv": [14.5, 0, 15.5, 3], "texture": "#1"},
				"east": {"uv": [14.25, 5, 15.75, 8], "texture": "#1"},
				"south": {"uv": [14.5, 0, 15.5, 3], "texture": "#1"},
				"west": {"uv": [14.25, 5, 15.75, 8], "texture": "#1"},
				"up": {"uv": [14.5, 0, 15.5, 1.5], "texture": "#1"},
				"down": {"uv": [14.5, 0, 15.5, 1.5], "texture": "#1"}
			}
		}
	],
	"display": {
		"thirdperson_righthand": {
			"translation": [0, 3, 1]
		},
		"thirdperson_lefthand": {
			"translation": [-12, 3, 1]
		},
		"firstperson_righthand": {
			"translation": [0.25, 4.5, 4]
		},
		"firstperson_lefthand": {
			"translation": [0.25, 4.5, 4]
		},
		"ground": {
			"rotation": [0, 0, -90],
			"translation": [3.25, -2.75, 2.5]
		},
		"gui": {
			"rotation": [17, 127, 0],
			"translation": [2.5, 4.75, 0],
			"scale": [1.1, 1.1, 1.1]
		},
		"head": {
			"translation": [0, 2.25, -8.75]
		},
		"fixed": {
			"rotation": [0, -90, 0],
			"translation": [-3, 4, 0.5]
		}
	},
	"groups": [
		{
			"name": "base",
			"origin": [8, 3.5, 10],
			"color": 0,
			"children": [0, 1, 2]
		},
		{
			"name": "octagon",
			"origin": [8, 8, 8],
			"color": 0,
			"children": [3, 4, 5, 6]
		},
		{
			"name": "octagon",
			"origin": [8, 8, 8],
			"color": 0,
			"children": [7, 8, 9, 10]
		},
		{
			"name": "octagon",
			"origin": [8, 8, 8],
			"color": 0,
			"children": [11, 12, 13, 14, 15, 16, 17, 18]
		},
		{
			"name": "octagon",
			"origin": [8, 8, 8],
			"color": 0,
			"children": [19, 20, 21, 22, 23]
		},
		24,
		{
			"name": "octagon",
			"origin": [8, 8, 8],
			"color": 0,
			"children": [25, 26, 27, 28]
		},
		{
			"name": "octagon",
			"origin": [8, 8, 8],
			"color": 0,
			"children": [29, 30, 31, 32]
		},
		{
			"name": "octagon",
			"origin": [8, 8, 8],
			"color": 0,
			"children": [33, 34, 35, 36]
		},
		37,
		38
	]
}