{
	"credit": "Made with Blockbench",
	"textures": {
		"0": "gun_ammo/remington_870",
		"particle": "gun_ammo/remington_870"
	},
	"elements": [
		{
			"from": [7, 4, 5],
			"to": [9, 6.5, 14],
			"rotation": {"angle": 0, "axis": "y", "origin": [8, 2, 13]},
			"faces": {
				"north": {"uv": [0, 0, 2, 2.5], "texture": "#0"},
				"east": {"uv": [0, 0.25, 9, 2.75], "texture": "#0"},
				"south": {"uv": [0, 0, 2, 2.5], "texture": "#0"},
				"west": {"uv": [0, 0.25, 9, 2.75], "texture": "#0"},
				"up": {"uv": [0, 3, 2, 12], "texture": "#0"},
				"down": {"uv": [0, 3, 2, 12], "texture": "#0"}
			}
		},
		{
			"from": [7.6, 2.25, 12.25],
			"to": [8.4, 4.25, 14.25],
			"rotation": {"angle": 0, "axis": "y", "origin": [8, 2, 13]},
			"faces": {
				"north": {"uv": [14.2, 0, 15, 2], "texture": "#0"},
				"east": {"uv": [13, 0, 15, 2], "texture": "#0"},
				"south": {"uv": [14.2, 0, 15, 2], "texture": "#0"},
				"west": {"uv": [13, 0, 15, 2], "texture": "#0"},
				"up": {"uv": [14.2, 0, 15, 2], "texture": "#0"},
				"down": {"uv": [14.2, 0, 15, 2], "texture": "#0"}
			}
		},
		{
			"from": [7.02, 2.66, 13.09],
			"to": [9.02, 4.16, 18.09],
			"rotation": {"angle": 45, "axis": "x", "origin": [8, 4.61993, 15.1676]},
			"faces": {
				"north": {"uv": [14, 14.5, 16, 16], "texture": "#0"},
				"east": {"uv": [11, 14.5, 16, 16], "texture": "#0"},
				"south": {"uv": [14, 14.5, 16, 16], "texture": "#0"},
				"west": {"uv": [11, 14.5, 16, 16], "texture": "#0"},
				"up": {"uv": [14, 11, 16, 16], "texture": "#0"},
				"down": {"uv": [14, 11, 16, 16], "texture": "#0"}
			}
		},
		{
			"from": [7.01, 1.71, 16],
			"to": [9.01, 3.71, 19.5],
			"rotation": {"angle": -22.5, "axis": "x", "origin": [8, 2.91282, 16.88476]},
			"faces": {
				"north": {"uv": [14, 14, 16, 16], "rotation": 180, "texture": "#0"},
				"east": {"uv": [14, 12.5, 16, 16], "rotation": 270, "texture": "#0"},
				"south": {"uv": [14, 14, 16, 16], "texture": "#0"},
				"west": {"uv": [14, 12.5, 16, 16], "rotation": 90, "texture": "#0"},
				"up": {"uv": [14, 12.5, 16, 16], "rotation": 180, "texture": "#0"},
				"down": {"uv": [14, 12.5, 16, 16], "texture": "#0"}
			}
		},
		{
			"from": [7, -0.84, 22.41],
			"to": [9, 4.66, 26.91],
			"rotation": {"angle": 0, "axis": "y", "origin": [8, 3.91282, 14.88476]},
			"faces": {
				"north": {"uv": [14, 10.5, 16, 16], "texture": "#0"},
				"east": {"uv": [11.5, 10.5, 16, 16], "texture": "#0"},
				"south": {"uv": [14, 10.5, 16, 16], "texture": "#0"},
				"west": {"uv": [11.5, 10.5, 16, 16], "texture": "#0"},
				"up": {"uv": [14, 11.5, 16, 16], "texture": "#0"},
				"down": {"uv": [14, 11.5, 16, 16], "texture": "#0"}
			}
		},
		{
			"from": [7.03, -1.0136, 20.87389],
			"to": [9.03, 1.4864, 26.87389],
			"rotation": {"angle": 22.5, "axis": "x", "origin": [8.03, 0.2364, 21.37389]},
			"faces": {
				"north": {"uv": [14, 13.5, 16, 16], "texture": "#0"},
				"east": {"uv": [10, 13.5, 16, 16], "texture": "#0"},
				"south": {"uv": [14, 13.5, 16, 16], "texture": "#0"},
				"west": {"uv": [10, 13.5, 16, 16], "texture": "#0"},
				"up": {"uv": [14, 10, 16, 16], "texture": "#0"},
				"down": {"uv": [14, 10, 16, 16], "texture": "#0"}
			}
		},
		{
			"from": [7.03, -1.0136, 15.87389],
			"to": [9.03, 1.4864, 20.87389],
			"rotation": {"angle": 22.5, "axis": "x", "origin": [8.03, 0.2364, 21.37389]},
			"faces": {
				"north": {"uv": [14, 13.5, 16, 16], "texture": "#0"},
				"east": {"uv": [11, 13.5, 16, 16], "texture": "#0"},
				"south": {"uv": [14, 13.5, 16, 16], "texture": "#0"},
				"west": {"uv": [11, 13.5, 16, 16], "texture": "#0"},
				"up": {"uv": [14, 11, 16, 16], "texture": "#0"},
				"down": {"uv": [14, 11, 16, 16], "texture": "#0"}
			}
		},
		{
			"from": [7, 0.66, 18.99],
			"to": [9, 4.66, 22.39],
			"faces": {
				"north": {"uv": [14, 12, 16, 16], "texture": "#0"},
				"east": {"uv": [12.6, 12, 16, 16], "texture": "#0"},
				"south": {"uv": [14, 12, 16, 16], "texture": "#0"},
				"west": {"uv": [12.6, 12, 16, 16], "texture": "#0"},
				"up": {"uv": [14, 12.6, 16, 16], "texture": "#0"},
				"down": {"uv": [14, 12.6, 16, 16], "texture": "#0"}
			}
		},
		{
			"name": "octagon",
			"from": [7.68934, 3.75, -3.5],
			"to": [8.31066, 5.25, 2.5],
			"rotation": {"angle": 45, "axis": "z", "origin": [8, 4.5, -2.5]},
			"faces": {
				"north": {"uv": [15, 15, 16, 16], "texture": "#0"},
				"east": {"uv": [10, 15, 11, 16], "texture": "#0"},
				"south": {"uv": [15, 15, 16, 16], "texture": "#0"},
				"west": {"uv": [10, 15, 11, 16], "texture": "#0"},
				"up": {"uv": [15, 10, 16, 16], "texture": "#0"},
				"down": {"uv": [15, 10, 16, 16], "texture": "#0"}
			}
		},
		{
			"name": "octagon",
			"from": [7.68934, 3.75, -3.5],
			"to": [8.31066, 5.25, 2.5],
			"rotation": {"angle": 0, "axis": "z", "origin": [8, 4.5, -2.5]},
			"faces": {
				"north": {"uv": [15, 15, 16, 16], "texture": "#0"},
				"east": {"uv": [10, 15, 11, 16], "texture": "#0"},
				"south": {"uv": [15, 15, 16, 16], "texture": "#0"},
				"west": {"uv": [10, 15, 11, 16], "texture": "#0"},
				"up": {"uv": [15, 10, 16, 16], "texture": "#0"},
				"down": {"uv": [15, 10, 16, 16], "texture": "#0"}
			}
		},
		{
			"name": "octagon",
			"from": [7.25, 4.18934, -3.5],
			"to": [8.75, 4.81066, 2.5],
			"rotation": {"angle": 45, "axis": "z", "origin": [8, 4.5, -2.5]},
			"faces": {
				"north": {"uv": [15, 15, 16, 16], "texture": "#0"},
				"east": {"uv": [10, 15, 16, 16], "texture": "#0"},
				"south": {"uv": [15, 15, 16, 16], "texture": "#0"},
				"west": {"uv": [10, 15, 16, 16], "texture": "#0"},
				"up": {"uv": [15, 10, 16, 11], "texture": "#0"},
				"down": {"uv": [15, 10, 16, 11], "texture": "#0"}
			}
		},
		{
			"name": "octagon",
			"from": [7.25, 4.18934, -3.5],
			"to": [8.75, 4.81066, 2.5],
			"rotation": {"angle": 0, "axis": "z", "origin": [8, 4.5, -2.5]},
			"faces": {
				"north": {"uv": [15, 15, 16, 16], "texture": "#0"},
				"east": {"uv": [10, 15, 16, 16], "texture": "#0"},
				"south": {"uv": [15, 15, 16, 16], "texture": "#0"},
				"west": {"uv": [10, 15, 16, 16], "texture": "#0"},
				"up": {"uv": [15, 10, 16, 11], "texture": "#0"},
				"down": {"uv": [15, 10, 16, 11], "texture": "#0"}
			}
		},
		{
			"name": "octagon",
			"from": [7.375, 5.59112, -13],
			"to": [7.725, 6.10888, -4],
			"rotation": {"angle": 0, "axis": "y", "origin": [8, 5.85, -5]},
			"faces": {
				"north": {"uv": [0, 0, 1, 1], "texture": "#0"},
				"east": {"uv": [0, 0, 1, 1], "texture": "#0"},
				"south": {"uv": [0, 0, 1, 1], "texture": "#0"},
				"west": {"uv": [0, 0, 9, 1], "texture": "#0"},
				"up": {"uv": [0, 0, 1, 1], "texture": "#0"},
				"down": {"uv": [0, 0, 1, 1], "texture": "#0"}
			}
		},
		{
			"name": "octagon",
			"from": [7.375, 5.59112, -13],
			"to": [7.725, 6.10888, -4],
			"rotation": {"angle": 45, "axis": "z", "origin": [8, 5.85, -5]},
			"faces": {
				"north": {"uv": [0, 0, 1, 1], "texture": "#0"},
				"east": {"uv": [0, 0, 1, 1], "texture": "#0"},
				"south": {"uv": [0, 0, 1, 1], "texture": "#0"},
				"west": {"uv": [0, 1, 9, 2], "texture": "#0"},
				"up": {"uv": [0, 0, 1, 1], "texture": "#0"},
				"down": {"uv": [0, 0, 1, 1], "texture": "#0"}
			}
		},
		{
			"name": "octagon",
			"from": [7.74112, 6.125, -13],
			"to": [8.25888, 6.475, -4],
			"rotation": {"angle": 45, "axis": "z", "origin": [8, 5.85, -5]},
			"faces": {
				"north": {"uv": [0, 0, 1, 1], "texture": "#0"},
				"east": {"uv": [0, 0, 1, 1], "texture": "#0"},
				"south": {"uv": [0, 0, 1, 1], "texture": "#0"},
				"west": {"uv": [0, 0, 1, 1], "texture": "#0"},
				"up": {"uv": [0, 0, 1, 9], "texture": "#0"},
				"down": {"uv": [0, 0, 1, 1], "texture": "#0"}
			}
		},
		{
			"name": "octagon",
			"from": [7.74112, 5.225, -13],
			"to": [8.25888, 5.575, -4],
			"rotation": {"angle": 0, "axis": "y", "origin": [8, 5.85, -5]},
			"faces": {
				"north": {"uv": [0, 0, 1, 1], "texture": "#0"},
				"east": {"uv": [0, 0, 1, 1], "texture": "#0"},
				"south": {"uv": [0, 0, 1, 1], "texture": "#0"},
				"west": {"uv": [0, 0, 1, 1], "texture": "#0"},
				"up": {"uv": [0, 0, 1, 1], "texture": "#0"},
				"down": {"uv": [0, 0, 1, 9], "texture": "#0"}
			}
		},
		{
			"name": "octagon",
			"from": [8.275, 5.59112, -13],
			"to": [8.625, 6.10888, -4],
			"rotation": {"angle": 0, "axis": "y", "origin": [8, 5.85, -5]},
			"faces": {
				"north": {"uv": [0, 0, 1, 1], "texture": "#0"},
				"east": {"uv": [0, 1, 9, 2], "texture": "#0"},
				"south": {"uv": [0, 0, 1, 1], "texture": "#0"},
				"west": {"uv": [0, 0, 1, 1], "texture": "#0"},
				"up": {"uv": [0, 0, 1, 1], "texture": "#0"},
				"down": {"uv": [0, 0, 1, 1], "texture": "#0"}
			}
		},
		{
			"name": "octagon",
			"from": [8.275, 5.59112, -13],
			"to": [8.625, 6.10888, -4],
			"rotation": {"angle": 45, "axis": "z", "origin": [8, 5.85, -5]},
			"faces": {
				"north": {"uv": [0, 0, 1, 1], "texture": "#0"},
				"east": {"uv": [0, 0, 9, 1], "texture": "#0"},
				"south": {"uv": [0, 0, 1, 1], "texture": "#0"},
				"west": {"uv": [0, 0, 1, 1], "texture": "#0"},
				"up": {"uv": [0, 0, 1, 1], "texture": "#0"},
				"down": {"uv": [0, 0, 1, 1], "texture": "#0"}
			}
		},
		{
			"name": "octagon",
			"from": [7.74112, 6.125, -13],
			"to": [8.25888, 6.475, -4],
			"rotation": {"angle": 0, "axis": "y", "origin": [8, 5.85, -5]},
			"faces": {
				"north": {"uv": [0, 0, 1, 1], "texture": "#0"},
				"east": {"uv": [0, 0, 1, 1], "texture": "#0"},
				"south": {"uv": [0, 0, 1, 1], "texture": "#0"},
				"west": {"uv": [0, 0, 1, 1], "texture": "#0"},
				"up": {"uv": [1, 0, 2, 9], "texture": "#0"},
				"down": {"uv": [0, 0, 1, 1], "texture": "#0"}
			}
		},
		{
			"name": "octagon",
			"from": [7.74112, 5.225, -13],
			"to": [8.25888, 5.575, -4],
			"rotation": {"angle": 45, "axis": "z", "origin": [8, 5.85, -5]},
			"faces": {
				"north": {"uv": [0, 0, 1, 1], "texture": "#0"},
				"east": {"uv": [0, 0, 1, 1], "texture": "#0"},
				"south": {"uv": [0, 0, 1, 1], "texture": "#0"},
				"west": {"uv": [0, 0, 1, 1], "texture": "#0"},
				"up": {"uv": [0, 0, 1, 1], "texture": "#0"},
				"down": {"uv": [0, 3, 1, 12], "texture": "#0"}
			}
		},
		{
			"name": "octagon",
			"from": [7.80584, 5.41875, -12.625],
			"to": [8.19416, 5.68125, -12.625],
			"rotation": {"angle": 45, "axis": "z", "origin": [8, 5.8875, 0.5]},
			"faces": {
				"north": {"uv": [15, 0, 16, 1], "texture": "#0"},
				"east": {"uv": [15, 0, 16, 1], "texture": "#0"},
				"south": {"uv": [15, 0, 16, 1], "texture": "#0"},
				"west": {"uv": [15, 0, 16, 1], "texture": "#0"},
				"up": {"uv": [15, 0, 16, 1], "texture": "#0"},
				"down": {"uv": [15, 0, 16, 1], "texture": "#0"}
			}
		},
		{
			"name": "octagon",
			"from": [7.80584, 6.09375, -12.625],
			"to": [8.19416, 6.35625, -12.625],
			"rotation": {"angle": 45, "axis": "z", "origin": [8, 5.8875, 0.5]},
			"faces": {
				"north": {"uv": [15, 0, 16, 1], "texture": "#0"},
				"east": {"uv": [15, 0, 16, 1], "texture": "#0"},
				"south": {"uv": [15, 0, 16, 1], "texture": "#0"},
				"west": {"uv": [15, 0, 16, 1], "texture": "#0"},
				"up": {"uv": [15, 0, 16, 1], "texture": "#0"},
				"down": {"uv": [15, 0, 16, 1], "texture": "#0"}
			}
		},
		{
			"name": "octagon",
			"from": [7.80584, 5.53125, -12.625],
			"to": [8.19416, 6.35625, -12.625],
			"rotation": {"angle": 0, "axis": "y", "origin": [8, 5.8875, 0.5]},
			"faces": {
				"north": {"uv": [15, 0, 16, 1], "texture": "#0"},
				"east": {"uv": [15, 0, 16, 1], "texture": "#0"},
				"south": {"uv": [15, 0, 16, 1], "texture": "#0"},
				"west": {"uv": [15, 0, 16, 1], "texture": "#0"},
				"up": {"uv": [15, 0, 16, 1], "texture": "#0"},
				"down": {"uv": [15, 0, 16, 1], "texture": "#0"}
			}
		},
		{
			"name": "octagon",
			"from": [7.80584, 5.41875, -12.625],
			"to": [8.19416, 5.68125, -12.625],
			"rotation": {"angle": 0, "axis": "y", "origin": [8, 5.8875, 0.5]},
			"faces": {
				"north": {"uv": [15, 0, 16, 1], "texture": "#0"},
				"east": {"uv": [15, 0, 16, 1], "texture": "#0"},
				"south": {"uv": [15, 0, 16, 1], "texture": "#0"},
				"west": {"uv": [15, 0, 16, 1], "texture": "#0"},
				"up": {"uv": [15, 0, 16, 1], "texture": "#0"},
				"down": {"uv": [15, 0, 16, 1], "texture": "#0"}
			}
		},
		{
			"name": "octagon",
			"from": [8.20625, 5.69334, -12.625],
			"to": [8.46875, 6.08166, -12.625],
			"rotation": {"angle": 45, "axis": "z", "origin": [8, 5.8875, 0.5]},
			"faces": {
				"north": {"uv": [15, 0, 16, 1], "texture": "#0"},
				"east": {"uv": [15, 0, 16, 1], "texture": "#0"},
				"south": {"uv": [15, 0, 16, 1], "texture": "#0"},
				"west": {"uv": [15, 0, 16, 1], "texture": "#0"},
				"up": {"uv": [15, 0, 16, 1], "texture": "#0"},
				"down": {"uv": [15, 0, 16, 1], "texture": "#0"}
			}
		},
		{
			"name": "octagon",
			"from": [7.53125, 5.69334, -12.625],
			"to": [7.79375, 6.08166, -12.625],
			"rotation": {"angle": 45, "axis": "z", "origin": [8, 5.8875, 0.5]},
			"faces": {
				"north": {"uv": [15, 0, 16, 1], "texture": "#0"},
				"east": {"uv": [15, 0, 16, 1], "texture": "#0"},
				"south": {"uv": [15, 0, 16, 1], "texture": "#0"},
				"west": {"uv": [15, 0, 16, 1], "texture": "#0"},
				"up": {"uv": [15, 0, 16, 1], "texture": "#0"},
				"down": {"uv": [15, 0, 16, 1], "texture": "#0"}
			}
		},
		{
			"name": "octagon",
			"from": [8.20625, 5.69334, -12.625],
			"to": [8.46875, 6.08166, -12.625],
			"rotation": {"angle": 0, "axis": "y", "origin": [8, 5.8875, 0.5]},
			"faces": {
				"north": {"uv": [15, 0, 16, 1], "texture": "#0"},
				"east": {"uv": [15, 0, 16, 1], "texture": "#0"},
				"south": {"uv": [15, 0, 16, 1], "texture": "#0"},
				"west": {"uv": [15, 0, 16, 1], "texture": "#0"},
				"up": {"uv": [15, 0, 16, 1], "texture": "#0"},
				"down": {"uv": [15, 0, 16, 1], "texture": "#0"}
			}
		},
		{
			"name": "octagon",
			"from": [7.53125, 5.69334, -12.625],
			"to": [8.35625, 6.08166, -12.625],
			"rotation": {"angle": 0, "axis": "y", "origin": [8, 5.8875, 0.5]},
			"faces": {
				"north": {"uv": [15, 0, 16, 1], "texture": "#0"},
				"east": {"uv": [15, 0, 16, 1], "texture": "#0"},
				"south": {"uv": [15, 0, 16, 1], "texture": "#0"},
				"west": {"uv": [15, 0, 16, 1], "texture": "#0"},
				"up": {"uv": [15, 0, 16, 1], "texture": "#0"},
				"down": {"uv": [15, 0, 16, 1], "texture": "#0"}
			}
		},
		{
			"from": [6.99, 5, 6.25],
			"to": [6.99, 6, 9.25],
			"faces": {
				"north": {"uv": [0, 0, 0, 1], "texture": "#0"},
				"east": {"uv": [13, 3, 16, 4], "texture": "#0"},
				"south": {"uv": [0, 0, 0, 1], "texture": "#0"},
				"west": {"uv": [13, 3, 16, 4], "texture": "#0"},
				"up": {"uv": [0, 0, 0, 3], "texture": "#0"},
				"down": {"uv": [0, 0, 0, 3], "texture": "#0"}
			}
		},
		{
			"name": "octagon",
			"from": [7.74112, 5.225, -4],
			"to": [8.25888, 6.475, 5],
			"rotation": {"angle": 45, "axis": "z", "origin": [8, 5.85, 4]},
			"faces": {
				"north": {"uv": [0, 0, 1, 1], "texture": "#0"},
				"east": {"uv": [0, 0, 1, 1], "texture": "#0"},
				"south": {"uv": [0, 0, 1, 1], "texture": "#0"},
				"west": {"uv": [0, 0, 1, 1], "texture": "#0"},
				"up": {"uv": [1, 0, 2, 9], "texture": "#0"},
				"down": {"uv": [0, 0, 1, 9], "texture": "#0"}
			}
		},
		{
			"name": "octagon",
			"from": [7.74112, 5.225, -4],
			"to": [8.25888, 6.475, 5],
			"rotation": {"angle": 0, "axis": "y", "origin": [8, 5.85, 4]},
			"faces": {
				"north": {"uv": [0, 0, 1, 1], "texture": "#0"},
				"east": {"uv": [0, 0, 1, 1], "texture": "#0"},
				"south": {"uv": [0, 0, 1, 1], "texture": "#0"},
				"west": {"uv": [0, 0, 1, 1], "texture": "#0"},
				"up": {"uv": [0, 0, 1, 9], "texture": "#0"},
				"down": {"uv": [0, 0, 1, 9], "texture": "#0"}
			}
		},
		{
			"name": "octagon",
			"from": [7.375, 5.59112, -4],
			"to": [8.625, 6.10888, 5],
			"rotation": {"angle": 45, "axis": "z", "origin": [8, 5.85, 4]},
			"faces": {
				"north": {"uv": [0, 0, 1, 1], "texture": "#0"},
				"east": {"uv": [0, 1, 9, 2], "texture": "#0"},
				"south": {"uv": [0, 0, 1, 1], "texture": "#0"},
				"west": {"uv": [0, 0, 9, 1], "texture": "#0"},
				"up": {"uv": [0, 0, 1, 1], "texture": "#0"},
				"down": {"uv": [0, 0, 1, 1], "texture": "#0"}
			}
		},
		{
			"name": "octagon",
			"from": [7.375, 5.59112, -4],
			"to": [8.625, 6.10888, 5],
			"rotation": {"angle": 0, "axis": "y", "origin": [8, 5.85, 4]},
			"faces": {
				"north": {"uv": [0, 0, 1, 1], "texture": "#0"},
				"east": {"uv": [0, 0, 9, 1], "texture": "#0"},
				"south": {"uv": [0, 0, 1, 1], "texture": "#0"},
				"west": {"uv": [0, 1, 9, 2], "texture": "#0"},
				"up": {"uv": [0, 0, 1, 1], "texture": "#0"},
				"down": {"uv": [0, 0, 1, 1], "texture": "#0"}
			}
		},
		{
			"name": "octagon",
			"from": [7.74112, 4.075, -4],
			"to": [8.25888, 5.325, 5],
			"rotation": {"angle": 45, "axis": "z", "origin": [8, 4.7, 4]},
			"faces": {
				"north": {"uv": [0, 0, 1, 1], "texture": "#0"},
				"east": {"uv": [0, 0, 1, 1], "texture": "#0"},
				"south": {"uv": [0, 0, 1, 1], "texture": "#0"},
				"west": {"uv": [0, 0, 1, 1], "texture": "#0"},
				"up": {"uv": [0, 0, 1, 9], "texture": "#0"},
				"down": {"uv": [0, 0, 1, 9], "texture": "#0"}
			}
		},
		{
			"name": "octagon",
			"from": [7.74112, 4.075, -4],
			"to": [8.25888, 5.325, 5],
			"rotation": {"angle": 0, "axis": "y", "origin": [8, 4.7, 4]},
			"faces": {
				"north": {"uv": [0, 0, 1, 1], "texture": "#0"},
				"east": {"uv": [0, 0, 1, 1], "texture": "#0"},
				"south": {"uv": [0, 0, 1, 1], "texture": "#0"},
				"west": {"uv": [0, 0, 1, 1], "texture": "#0"},
				"up": {"uv": [0, 0, 1, 9], "texture": "#0"},
				"down": {"uv": [0, 0, 1, 9], "texture": "#0"}
			}
		},
		{
			"name": "octagon",
			"from": [7.375, 4.44112, -4],
			"to": [8.625, 4.95888, 5],
			"rotation": {"angle": 45, "axis": "z", "origin": [8, 4.7, 4]},
			"faces": {
				"north": {"uv": [0, 0, 1, 1], "texture": "#0"},
				"east": {"uv": [0, 0, 9, 1], "texture": "#0"},
				"south": {"uv": [0, 0, 1, 1], "texture": "#0"},
				"west": {"uv": [0, 2, 9, 3], "texture": "#0"},
				"up": {"uv": [0, 0, 1, 1], "texture": "#0"},
				"down": {"uv": [0, 0, 1, 1], "texture": "#0"}
			}
		},
		{
			"name": "octagon",
			"from": [7.375, 4.44112, -4],
			"to": [8.625, 4.95888, 5],
			"rotation": {"angle": 0, "axis": "y", "origin": [8, 4.7, 4]},
			"faces": {
				"north": {"uv": [0, 0, 1, 1], "texture": "#0"},
				"east": {"uv": [0, 0, 9, 1], "texture": "#0"},
				"south": {"uv": [0, 0, 1, 1], "texture": "#0"},
				"west": {"uv": [0, 0, 9, 1], "texture": "#0"},
				"up": {"uv": [0, 0, 1, 1], "texture": "#0"},
				"down": {"uv": [0, 0, 1, 1], "texture": "#0"}
			}
		}
	],
	"display": {
		"thirdperson_righthand": {
			"translation": [0, 4, -3.25]
		},
		"thirdperson_lefthand": {
			"translation": [-12, 4, -3.25]
		},
		"firstperson_righthand": {
			"translation": [-8.75, 6.5, 2.5]
		},
		"firstperson_lefthand": {
			"translation": [-8.75, 6.5, 2.5]
		},
		"ground": {
			"rotation": [0, 0, -90],
			"translation": [3.25, -2.75, 0],
			"scale": [0.9, 0.9, 0.9]
		},
		"gui": {
			"rotation": [21, 128, 0],
			"translation": [-0.5, 2.75, 0]
		},
		"head": {
			"translation": [0, 4.5, -45.25],
			"scale": [1, 1, 3]
		},
		"fixed": {
			"rotation": [0, -90, 0],
			"translation": [-1.75, 2.5, 0.25]
		}
	},
	"groups": [
		0,
		1,
		2,
		3,
		4,
		5,
		6,
		7,
		{
			"name": "octagon",
			"origin": [8, 8, 8],
			"color": 0,
			"children": [8, 9, 10, 11]
		},
		{
			"name": "octagon",
			"origin": [8, 8, 8],
			"color": 0,
			"children": [12, 13, 14, 15, 16, 17, 18, 19]
		},
		{
			"name": "octagon",
			"origin": [8, 8, 8],
			"color": 9,
			"children": [20, 21, 22, 23, 24, 25, 26, 27]
		},
		28,
		{
			"name": "octagon",
			"origin": [8, 8, 8],
			"color": 0,
			"children": [29, 30, 31, 32]
		},
		{
			"name": "octagon",
			"origin": [8, 8, 8],
			"color": 0,
			"children": [33, 34, 35, 36]
		}
	]
}