{
	"credit": "Made with Blockbench",
	"textures": {
		"0": "gun_ammo/rpg_7",
		"2": "gun_ammo/pg_7v_rocket",
		"particle": "gun_ammo/rpg_7"
	},
	"elements": [
		{
			"from": [6, 6.25, 30.5],
			"to": [10, 10.25, 31.5],
			"rotation": {"angle": 0, "axis": "y", "origin": [7, 1, 25]},
			"faces": {
				"north": {"uv": [0, 0, 4, 4], "texture": "#0"},
				"east": {"uv": [2, 0, 3, 4], "texture": "#0"},
				"south": {"uv": [4, 4, 8, 8], "texture": "#0"},
				"west": {"uv": [2, 0, 3, 4], "texture": "#0"},
				"up": {"uv": [0, 0, 4, 1], "texture": "#0"},
				"down": {"uv": [0, 0, 4, 1], "texture": "#0"}
			}
		},
		{
			"from": [7, 1, 3],
			"to": [9, 4, 5],
			"rotation": {"angle": 0, "axis": "y", "origin": [7, 1, 3]},
			"faces": {
				"north": {"uv": [14, 12, 16, 15], "texture": "#0"},
				"east": {"uv": [14, 12, 16, 15], "texture": "#0"},
				"south": {"uv": [14, 12, 16, 15], "texture": "#0"},
				"west": {"uv": [14, 12, 16, 15], "texture": "#0"},
				"up": {"uv": [14, 14, 16, 16], "texture": "#0"},
				"down": {"uv": [14, 14, 16, 16], "texture": "#0"}
			}
		},
		{
			"from": [7, 4, 3],
			"to": [9, 7, 5],
			"rotation": {"angle": 0, "axis": "y", "origin": [7, 1, 3]},
			"faces": {
				"north": {"uv": [0, 0, 2, 3], "texture": "#0"},
				"east": {"uv": [0, 0, 2, 3], "texture": "#0"},
				"south": {"uv": [0, 0, 2, 3], "texture": "#0"},
				"west": {"uv": [0, 0, 2, 3], "texture": "#0"},
				"up": {"uv": [0, 0, 2, 2], "texture": "#0"},
				"down": {"uv": [0, 0, 2, 2], "texture": "#0"}
			}
		},
		{
			"from": [7, 2.75, 9.75],
			"to": [9, 6.75, 11.75],
			"rotation": {"angle": 0, "axis": "y", "origin": [7, 0.75, 2.75]},
			"faces": {
				"north": {"uv": [14, 12, 16, 16], "texture": "#0"},
				"east": {"uv": [14, 12, 16, 16], "texture": "#0"},
				"south": {"uv": [14, 12, 16, 16], "texture": "#0"},
				"west": {"uv": [14, 12, 16, 16], "texture": "#0"},
				"up": {"uv": [14, 14, 16, 16], "texture": "#0"},
				"down": {"uv": [14, 14, 16, 16], "texture": "#0"}
			}
		},
		{
			"from": [6.5, 6.75, 5.5],
			"to": [9.5, 9.75, 12.5],
			"rotation": {"angle": 0, "axis": "y", "origin": [7, 0.75, 3]},
			"faces": {
				"north": {"uv": [0, 0, 3, 3], "texture": "#0"},
				"east": {"uv": [0, 0, 7, 3], "texture": "#0"},
				"south": {"uv": [0, 0, 3, 3], "texture": "#0"},
				"west": {"uv": [0, 0, 7, 3], "texture": "#0"},
				"up": {"uv": [0, 3, 3, 10], "texture": "#0"},
				"down": {"uv": [0, 3, 3, 10], "texture": "#0"}
			}
		},
		{
			"from": [6.5, 6.75, 12.5],
			"to": [9.5, 9.75, 19.5],
			"rotation": {"angle": 0, "axis": "y", "origin": [7, 0.75, 10]},
			"faces": {
				"north": {"uv": [13, 13, 16, 16], "texture": "#0"},
				"east": {"uv": [9, 13, 16, 16], "texture": "#0"},
				"south": {"uv": [13, 13, 16, 16], "texture": "#0"},
				"west": {"uv": [9, 13, 16, 16], "texture": "#0"},
				"up": {"uv": [13, 6, 16, 13], "texture": "#0"},
				"down": {"uv": [13, 9, 16, 16], "texture": "#0"}
			}
		},
		{
			"from": [6.75, 7, -6.5],
			"to": [9.25, 9.5, 5.5],
			"rotation": {"angle": 0, "axis": "y", "origin": [7, 1, 3]},
			"faces": {
				"north": {"uv": [13.75, 0.75, 15.25, 2.25], "texture": "#0"},
				"east": {"uv": [0, 0, 12, 2.5], "texture": "#0"},
				"south": {"uv": [0, 0, 2.5, 2.5], "texture": "#0"},
				"west": {"uv": [0, 0, 12, 2.5], "texture": "#0"},
				"up": {"uv": [0, 3, 2.5, 15], "texture": "#0"},
				"down": {"uv": [0, 3, 2.5, 15], "texture": "#0"}
			}
		},
		{
			"from": [7.5, 9.5, -6.25],
			"to": [8.5, 10, -3.75],
			"rotation": {"angle": 0, "axis": "y", "origin": [7, 1, 3]},
			"faces": {
				"north": {"uv": [4, 1, 5, 1.5], "texture": "#0"},
				"east": {"uv": [4, 0, 6.5, 0.5], "texture": "#0"},
				"south": {"uv": [4, 1, 5, 1.5], "texture": "#0"},
				"west": {"uv": [4, 0, 6.5, 0.5], "texture": "#0"},
				"up": {"uv": [5, 0, 6, 2.5], "texture": "#0"},
				"down": {"uv": [5, 0, 6, 2.5], "texture": "#0"}
			}
		},
		{
			"from": [7.5, 9.7, 8.75],
			"to": [8.5, 10.2, 11.25],
			"rotation": {"angle": 0, "axis": "y", "origin": [7, 1.2, 18]},
			"faces": {
				"north": {"uv": [0, 0, 1, 0.5], "texture": "#0"},
				"east": {"uv": [6, 0, 8.5, 0.5], "texture": "#0"},
				"south": {"uv": [0, 0, 1, 0.5], "texture": "#0"},
				"west": {"uv": [6, 0, 8.5, 0.5], "texture": "#0"},
				"up": {"uv": [5, 0, 6, 2.5], "texture": "#0"},
				"down": {"uv": [5, 0, 6, 2.5], "texture": "#0"}
			}
		},
		{
			"from": [7.5, 10, -6],
			"to": [8.5, 10.5, -5.5],
			"rotation": {"angle": 0, "axis": "y", "origin": [7, 1, 3]},
			"faces": {
				"north": {"uv": [6, 1, 7, 1.5], "texture": "#0"},
				"east": {"uv": [6, 1, 6.5, 1.5], "texture": "#0"},
				"south": {"uv": [6, 1, 7, 1.5], "texture": "#0"},
				"west": {"uv": [6, 1, 6.5, 1.5], "texture": "#0"},
				"up": {"uv": [6, 1, 7, 1.5], "texture": "#0"},
				"down": {"uv": [6, 1, 7, 1.5], "texture": "#0"}
			}
		},
		{
			"from": [7.5, 10.5, -6],
			"to": [7.65, 11.5, -5.5],
			"rotation": {"angle": 0, "axis": "y", "origin": [7, 1, 3]},
			"faces": {
				"north": {"uv": [5, 0, 5.15, 1], "texture": "#0"},
				"east": {"uv": [5, 0, 5.5, 1], "texture": "#0"},
				"south": {"uv": [5, 0, 5.15, 1], "texture": "#0"},
				"west": {"uv": [5, 0, 5.5, 1], "texture": "#0"},
				"up": {"uv": [5, 0, 5.15, 0.5], "texture": "#0"},
				"down": {"uv": [5, 0, 5.15, 0.5], "texture": "#0"}
			}
		},
		{
			"from": [8.35, 10.5, -6],
			"to": [8.5, 11.5, -5.5],
			"rotation": {"angle": 0, "axis": "y", "origin": [7.85, 1, 3]},
			"faces": {
				"north": {"uv": [9, 1, 9.15, 2], "texture": "#0"},
				"east": {"uv": [9, 1, 9.5, 2], "texture": "#0"},
				"south": {"uv": [9, 1, 9.15, 2], "texture": "#0"},
				"west": {"uv": [9, 1, 9.5, 2], "texture": "#0"},
				"up": {"uv": [9, 1, 9.15, 1.5], "texture": "#0"},
				"down": {"uv": [9, 1, 9.15, 1.5], "texture": "#0"}
			}
		},
		{
			"from": [6.75, 7, 19.5],
			"to": [9.25, 9.5, 26.5],
			"rotation": {"angle": 0, "axis": "y", "origin": [7, 1, 22]},
			"faces": {
				"north": {"uv": [13.5, 13.5, 16, 16], "texture": "#0"},
				"east": {"uv": [9, 13.5, 16, 16], "texture": "#0"},
				"south": {"uv": [13.5, 13.5, 16, 16], "texture": "#0"},
				"west": {"uv": [9, 13.5, 16, 16], "texture": "#0"},
				"up": {"uv": [13.5, 9, 16, 16], "texture": "#0"},
				"down": {"uv": [13.5, 9, 16, 16], "texture": "#0"}
			}
		},
		{
			"from": [6.75, 7, 26.5],
			"to": [9.25, 9.5, 28.5],
			"rotation": {"angle": 0, "axis": "y", "origin": [7, 1, 22]},
			"faces": {
				"north": {"uv": [0, 0, 2.5, 2.5], "texture": "#0"},
				"east": {"uv": [0, 0, 2, 2.5], "texture": "#0"},
				"south": {"uv": [0, 0, 2.5, 2.5], "texture": "#0"},
				"west": {"uv": [0, 0, 2, 2.5], "texture": "#0"},
				"up": {"uv": [0, 0, 2.5, 2], "texture": "#0"},
				"down": {"uv": [0, 0, 2.5, 2], "texture": "#0"}
			}
		},
		{
			"from": [6.5, 6.75, 28.5],
			"to": [9.5, 9.75, 30.5],
			"rotation": {"angle": 0, "axis": "y", "origin": [7, 1, 25]},
			"faces": {
				"north": {"uv": [0, 0, 3, 3], "texture": "#0"},
				"east": {"uv": [10, 0, 12, 3], "texture": "#0"},
				"south": {"uv": [0, 0, 3, 3], "texture": "#0"},
				"west": {"uv": [10, 0, 12, 3], "texture": "#0"},
				"up": {"uv": [0, 12, 3, 14], "texture": "#0"},
				"down": {"uv": [0, 12, 3, 14], "texture": "#0"}
			}
		},
		{
			"from": [7.75, 5.5, 1.5],
			"to": [8.25, 7.5, 3.5],
			"rotation": {"angle": 0, "axis": "y", "origin": [7, 5.5, 1.5]},
			"faces": {
				"north": {"uv": [10, 4, 10.5, 6], "texture": "#0"},
				"east": {"uv": [9, 4, 11, 6], "texture": "#0"},
				"south": {"uv": [9, 4, 9.5, 6], "texture": "#0"},
				"west": {"uv": [9, 4, 11, 6], "texture": "#0"},
				"up": {"uv": [10, 4, 10.5, 6], "texture": "#0"},
				"down": {"uv": [9, 4, 9.5, 6], "texture": "#0"}
			}
		},
		{
			"from": [7, 7.25, -16],
			"to": [9, 9.25, 0],
			"rotation": {"angle": 0, "axis": "y", "origin": [7, 7.25, -8]},
			"faces": {
				"north": {"uv": [0, 0, 2, 2], "texture": "#2"},
				"east": {"uv": [0, 0, 16, 2], "texture": "#2"},
				"south": {"uv": [0, 0, 2, 2], "texture": "#2"},
				"west": {"uv": [0, 0, 16, 2], "texture": "#2"},
				"up": {"uv": [0, 0, 2, 16], "texture": "#2"},
				"down": {"uv": [0, 0, 2, 16], "texture": "#2"}
			}
		},
		{
			"from": [7, 7.25, 0],
			"to": [9, 9.25, 5],
			"rotation": {"angle": 0, "axis": "y", "origin": [7, 7.25, 8]},
			"faces": {
				"north": {"uv": [0, 0, 2, 2], "texture": "#2"},
				"east": {"uv": [11, 0, 16, 2], "texture": "#2"},
				"south": {"uv": [0, 0, 2, 2], "texture": "#2"},
				"west": {"uv": [11, 0, 16, 2], "texture": "#2"},
				"up": {"uv": [0, 11, 2, 16], "texture": "#2"},
				"down": {"uv": [0, 11, 2, 16], "texture": "#2"}
			}
		},
		{
			"from": [6.75, 7, -15],
			"to": [9.25, 9.5, -7],
			"rotation": {"angle": 0, "axis": "y", "origin": [7, 7.25, -8]},
			"faces": {
				"north": {"uv": [3, 3, 5.5, 5.5], "texture": "#2"},
				"east": {"uv": [3, 3, 11, 5.5], "texture": "#2"},
				"south": {"uv": [3, 3, 5.5, 5.5], "texture": "#2"},
				"west": {"uv": [3, 3, 11, 5.5], "texture": "#2"},
				"up": {"uv": [3, 3, 5.5, 11], "texture": "#2"},
				"down": {"uv": [3, 3, 5.5, 11], "texture": "#2"}
			}
		},
		{
			"from": [6.5, 6.75, -14],
			"to": [9.5, 9.75, -8],
			"rotation": {"angle": 0, "axis": "y", "origin": [7, 7.25, -8]},
			"faces": {
				"north": {"uv": [3, 3, 6, 6], "texture": "#2"},
				"east": {"uv": [3, 3, 9, 6], "texture": "#2"},
				"south": {"uv": [3, 3, 6, 6], "texture": "#2"},
				"west": {"uv": [3, 3, 9, 6], "texture": "#2"},
				"up": {"uv": [3, 3, 6, 9], "texture": "#2"},
				"down": {"uv": [3, 3, 6, 9], "texture": "#2"}
			}
		},
		{
			"from": [6.25, 6.5, -13],
			"to": [9.75, 10, -9],
			"rotation": {"angle": 0, "axis": "y", "origin": [7, 7.25, -8]},
			"faces": {
				"north": {"uv": [7, 7, 10.5, 10.5], "texture": "#2"},
				"east": {"uv": [7, 7, 11, 10.5], "texture": "#2"},
				"south": {"uv": [7, 7, 10.5, 10.5], "texture": "#2"},
				"west": {"uv": [7, 7, 11, 10.5], "texture": "#2"},
				"up": {"uv": [7, 7, 10.5, 11], "texture": "#2"},
				"down": {"uv": [7, 7, 10.5, 11], "texture": "#2"}
			}
		},
		{
			"from": [7, 7.25, 5],
			"to": [9, 9.25, 13],
			"rotation": {"angle": 0, "axis": "y", "origin": [7, 7.25, -4]},
			"faces": {
				"north": {"uv": [14, 14, 16, 16], "texture": "#2"},
				"east": {"uv": [8, 14, 16, 16], "texture": "#2"},
				"south": {"uv": [14, 14, 16, 16], "texture": "#2"},
				"west": {"uv": [8, 14, 16, 16], "texture": "#2"},
				"up": {"uv": [14, 8, 16, 16], "texture": "#2"},
				"down": {"uv": [14, 8, 16, 16], "texture": "#2"}
			}
		}
	],
	"display": {
		"thirdperson_righthand": {
			"translation": [0, 1, 7]
		},
		"thirdperson_lefthand": {
			"translation": [-12, 1, 7]
		},
		"firstperson_righthand": {
			"translation": [0, 4.5, 8.25]
		},
		"firstperson_lefthand": {
			"translation": [0, 4.5, 8.25]
		},
		"ground": {
			"rotation": [0, 0, -90],
			"translation": [0, -2.25, -1],
			"scale": [0.9, 0.9, 0.9]
		},
		"gui": {
			"rotation": [24, 125, 0],
			"translation": [-2.5, 0, 0]
		},
		"head": {
			"translation": [0, 0, 34.25]
		},
		"fixed": {
			"rotation": [0, -90, 0]
		}
	},
	"groups": [
		{
			"name": "rpg-7",
			"origin": [7, 1, 21],
			"color": 0,
			"children": [0, 1, 2, 3, 4, 5, 6, 7, 8, 9, 10, 11, 12, 13, 14, 15]
		},
		{
			"name": "pg-7v rocket",
			"origin": [0, 7, 9],
			"color": 0,
			"children": [16, 17, 18, 19, 20, 21]
		}
	]
}