{
	"credit": "Made with Blockbench",
	"textures": {
		"0": "gun_ammo/standard",
		"1": "gun_ammo/standard2",
		"particle": "gun_ammo/standard"
	},
	"elements": [
		{
			"from": [6.5, 6, 5],
			"to": [9.5, 8, 15],
			"faces": {
				"north": {"uv": [0, 1, 3, 3], "texture": "#0"},
				"east": {"uv": [0, 1, 10, 3], "texture": "#0"},
				"south": {"uv": [0, 1, 3, 3], "texture": "#0"},
				"west": {"uv": [0, 1, 10, 3], "texture": "#0"},
				"up": {"uv": [3, 3, 6, 16], "texture": "#0"},
				"down": {"uv": [0, 6, 3, 16], "texture": "#0"}
			}
		},
		{
			"from": [7.075, 8, 5],
			"to": [8.925, 9.39, 15],
			"faces": {
				"north": {"uv": [11, 0, 12.85, 1.39], "texture": "#0"},
				"east": {"uv": [0, 0, 13, 1.39], "texture": "#0"},
				"south": {"uv": [6, 0, 7.85, 1.39], "texture": "#0"},
				"west": {"uv": [0, 0, 13, 1.39], "texture": "#0"},
				"up": {"uv": [3, 6, 4.85, 16], "texture": "#0"},
				"down": {"uv": [0, 0, 1.85, 13], "texture": "#0"}
			}
		},
		{
			"from": [6.23, 7.35, 5],
			"to": [7.23, 8.85, 15],
			"rotation": {"angle": -22.5, "axis": "z", "origin": [8, 7, 8]},
			"faces": {
				"north": {"uv": [0, 0, 1.5, 1], "rotation": 90, "texture": "#0"},
				"east": {"uv": [0, 0, 1.5, 13], "rotation": 270, "texture": "#0"},
				"south": {"uv": [0, 0, 1.5, 1], "rotation": 270, "texture": "#0"},
				"west": {"uv": [4.25, 6, 5.75, 16], "rotation": 270, "texture": "#0"},
				"up": {"uv": [0, 0, 13, 1], "rotation": 270, "texture": "#0"},
				"down": {"uv": [0, 0, 13, 1], "rotation": 270, "texture": "#0"}
			}
		},
		{
			"from": [8.77, 7.35, -2.999],
			"to": [9.77, 8.85, 5.001],
			"rotation": {"angle": 22.5, "axis": "z", "origin": [8, 7, -2]},
			"faces": {
				"north": {"uv": [0, 0, 1.5, 1], "rotation": 90, "texture": "#0"},
				"east": {"uv": [4.25, 8, 5.75, 16], "rotation": 270, "texture": "#0"},
				"south": {"uv": [0, 0, 1.5, 1], "rotation": 270, "texture": "#0"},
				"west": {"uv": [0, 0, 1.5, 13], "rotation": 270, "texture": "#0"},
				"up": {"uv": [0, 0, 13, 1], "rotation": 270, "texture": "#0"},
				"down": {"uv": [0, 0, 13, 1], "rotation": 270, "texture": "#0"}
			}
		},
		{
			"from": [7.075, 8, -3],
			"to": [8.925, 9.39, 5],
			"rotation": {"angle": 0, "axis": "y", "origin": [0, 0, -10]},
			"faces": {
				"north": {"uv": [11, 0, 12.85, 1.39], "texture": "#0"},
				"east": {"uv": [0, 0, 13, 1.39], "texture": "#0"},
				"south": {"uv": [6, 0, 7.85, 1.39], "texture": "#0"},
				"west": {"uv": [0, 0, 13, 1.39], "texture": "#0"},
				"up": {"uv": [3, 8, 4.85, 16], "texture": "#0"},
				"down": {"uv": [0, 0, 1.85, 13], "texture": "#0"}
			}
		},
		{
			"from": [6.23, 7.35, -2.999],
			"to": [7.23, 8.85, 5.001],
			"rotation": {"angle": -22.5, "axis": "z", "origin": [8, 7, -2]},
			"faces": {
				"north": {"uv": [0, 0, 1.5, 1], "rotation": 90, "texture": "#0"},
				"east": {"uv": [0, 0, 1.5, 13], "rotation": 270, "texture": "#0"},
				"south": {"uv": [0, 0, 1.5, 1], "rotation": 270, "texture": "#0"},
				"west": {"uv": [4.25, 8, 5.75, 16], "rotation": 270, "texture": "#0"},
				"up": {"uv": [0, 0, 13, 1], "rotation": 270, "texture": "#0"},
				"down": {"uv": [0, 0, 13, 1], "rotation": 270, "texture": "#0"}
			}
		},
		{
			"from": [8.77, 6.15, -2.999],
			"to": [9.77, 7.65, 5.001],
			"rotation": {"angle": -22.5, "axis": "z", "origin": [8, 8, 2]},
			"faces": {
				"north": {"uv": [0, 0, 1.5, 1], "rotation": 90, "texture": "#0"},
				"east": {"uv": [4.25, 8, 5.75, 16], "rotation": 90, "texture": "#0"},
				"south": {"uv": [0, 0, 1.5, 1], "rotation": 270, "texture": "#0"},
				"west": {"uv": [0, 0, 1.5, 13], "rotation": 90, "texture": "#0"},
				"up": {"uv": [0, 0, 13, 1], "rotation": 270, "texture": "#0"},
				"down": {"uv": [0, 0, 13, 1], "rotation": 270, "texture": "#0"}
			}
		},
		{
			"from": [7.075, 5.61, -3],
			"to": [8.925, 7, 5],
			"rotation": {"angle": 0, "axis": "y", "origin": [0, 15, 10]},
			"faces": {
				"north": {"uv": [6, 0, 7.85, 1.39], "rotation": 180, "texture": "#0"},
				"east": {"uv": [0, 0, 13, 1.39], "rotation": 180, "texture": "#0"},
				"south": {"uv": [11, 0, 12.85, 1.39], "rotation": 180, "texture": "#0"},
				"west": {"uv": [0, 0, 13, 1.39], "rotation": 180, "texture": "#0"},
				"up": {"uv": [0, 0, 1.85, 13], "texture": "#0"},
				"down": {"uv": [3, 8, 4.85, 16], "texture": "#0"}
			}
		},
		{
			"from": [6.23, 6.15, -2.999],
			"to": [7.23, 7.65, 5.001],
			"rotation": {"angle": 22.5, "axis": "z", "origin": [8, 8, 2]},
			"faces": {
				"north": {"uv": [0, 0, 1.5, 1], "rotation": 90, "texture": "#0"},
				"east": {"uv": [0, 0, 1.5, 13], "rotation": 90, "texture": "#0"},
				"south": {"uv": [0, 0, 1.5, 1], "rotation": 270, "texture": "#0"},
				"west": {"uv": [4.25, 8, 5.75, 16], "rotation": 90, "texture": "#0"},
				"up": {"uv": [0, 0, 13, 1], "rotation": 270, "texture": "#0"},
				"down": {"uv": [0, 0, 13, 1], "rotation": 270, "texture": "#0"}
			}
		},
		{
			"from": [8.77, 7.35, 5],
			"to": [9.77, 8.85, 15],
			"rotation": {"angle": 22.5, "axis": "z", "origin": [8, 7, 8]},
			"faces": {
				"north": {"uv": [0, 0, 1.5, 1], "rotation": 90, "texture": "#0"},
				"east": {"uv": [4.25, 6, 5.75, 16], "rotation": 270, "texture": "#0"},
				"south": {"uv": [0, 0, 1.5, 1], "rotation": 270, "texture": "#0"},
				"west": {"uv": [0, 0, 1.5, 13], "rotation": 270, "texture": "#0"},
				"up": {"uv": [0, 0, 13, 1], "rotation": 270, "texture": "#0"},
				"down": {"uv": [0, 0, 13, 1], "rotation": 270, "texture": "#0"}
			}
		},
		{
			"from": [6.75, 7.3, 18],
			"to": [9.25, 8, 24],
			"rotation": {"angle": 0, "axis": "y", "origin": [14.5, 14.5, 10]},
			"faces": {
				"north": {"uv": [0, 3, 1, 4], "texture": "#0"},
				"east": {"uv": [7, 2.25, 13, 3], "texture": "#0"},
				"south": {"uv": [0, 3, 1, 4], "texture": "#0"},
				"west": {"uv": [6, 4, 12, 3.25], "texture": "#0"},
				"up": {"uv": [0, 3, 1, 4], "rotation": 270, "texture": "#0"},
				"down": {"uv": [6, 2, 12, 4.5], "rotation": 90, "texture": "#0"}
			}
		},
		{
			"from": [6.75, 7.3, 12],
			"to": [9.25, 8, 18],
			"rotation": {"angle": 0, "axis": "y", "origin": [14.5, 14.5, 10]},
			"faces": {
				"north": {"uv": [0, 2, 1, 3], "texture": "#0"},
				"east": {"uv": [7, 2.25, 13, 3], "texture": "#0"},
				"south": {"uv": [0, 2, 1, 3], "texture": "#0"},
				"west": {"uv": [6, 4, 12, 3.25], "texture": "#0"},
				"up": {"uv": [0, 2, 1, 3], "rotation": 270, "texture": "#0"},
				"down": {"uv": [6, 2, 12, 4.5], "rotation": 90, "texture": "#0"}
			}
		},
		{
			"from": [6.9, 7.735, 18],
			"to": [7.65, 8.535, 25],
			"rotation": {"angle": -22.5, "axis": "z", "origin": [7.5, 8.25, 10.5]},
			"faces": {
				"north": {"uv": [0, 5, 1, 6], "texture": "#0"},
				"east": {"uv": [1, 5, 2, 6], "texture": "#0"},
				"south": {"uv": [0, 4, 1, 5], "texture": "#0"},
				"west": {"uv": [0, 2.25, 7, 3], "texture": "#0"},
				"up": {"uv": [1, 4, 2, 5], "rotation": 270, "texture": "#0"},
				"down": {"uv": [0, 3, 1, 4], "rotation": 90, "texture": "#0"}
			}
		},
		{
			"from": [8.60886, 7.92, 11],
			"to": [9.35886, 8.735, 18],
			"rotation": {"angle": 22.5, "axis": "z", "origin": [9.10886, 7.69183, 3.5]},
			"faces": {
				"north": {"uv": [0, 4, 1, 5], "texture": "#0"},
				"east": {"uv": [6, 2.25, 13, 3], "texture": "#0"},
				"south": {"uv": [0, 3, 1, 4], "texture": "#0"},
				"west": {"uv": [1, 3, 2, 4], "texture": "#0"},
				"up": {"uv": [1, 2, 2, 3], "rotation": 270, "texture": "#0"},
				"down": {"uv": [0, 2, 1, 3], "rotation": 90, "texture": "#0"}
			}
		},
		{
			"from": [7.055, 7.75, 11.001],
			"to": [8.94, 8.75, 18.001],
			"rotation": {"angle": 0, "axis": "y", "origin": [14.5, 14.5, 3]},
			"faces": {
				"north": {"uv": [0, 3, 1, 4], "texture": "#0"},
				"east": {"uv": [0, 3, 1, 4], "texture": "#0"},
				"south": {"uv": [0, 15, 1.75, 16], "texture": "#0"},
				"west": {"uv": [0, 3, 1, 4], "texture": "#0"},
				"up": {"uv": [6, 2.25, 13, 4], "rotation": 270, "texture": "#0"},
				"down": {"uv": [0, 3, 1, 4], "rotation": 90, "texture": "#0"}
			}
		},
		{
			"from": [6.9, 7.735, 11],
			"to": [7.65, 8.535, 18],
			"rotation": {"angle": -22.5, "axis": "z", "origin": [7.5, 8.25, 3.5]},
			"faces": {
				"north": {"uv": [0, 5, 1, 6], "texture": "#0"},
				"east": {"uv": [1, 5, 2, 6], "texture": "#0"},
				"south": {"uv": [0, 4, 1, 5], "texture": "#0"},
				"west": {"uv": [0, 2.25, 7, 3], "texture": "#0"},
				"up": {"uv": [1, 4, 2, 5], "rotation": 270, "texture": "#0"},
				"down": {"uv": [0, 3, 1, 4], "rotation": 90, "texture": "#0"}
			}
		},
		{
			"from": [6.75, 4.5, 24.002],
			"to": [9.25, 8, 25.002],
			"rotation": {"angle": 0, "axis": "y", "origin": [14.5, 14.5, 10]},
			"faces": {
				"north": {"uv": [0, 12.5, 2.5, 16], "texture": "#0"},
				"east": {"uv": [0, 12.5, 1, 16], "texture": "#0"},
				"south": {"uv": [0, 3, 2.5, 6.5], "texture": "#0"},
				"west": {"uv": [0, 12.5, 1, 16], "texture": "#0"},
				"up": {"uv": [0, 0, 1, 1], "rotation": 270, "texture": "#0"},
				"down": {"uv": [0, 13.5, 1, 16], "rotation": 90, "texture": "#0"}
			}
		},
		{
			"from": [7.055, 7.75, 18.001],
			"to": [8.94, 8.75, 25.001],
			"rotation": {"angle": 0, "axis": "y", "origin": [14.5, 14.5, 10]},
			"faces": {
				"north": {"uv": [0, 3, 1, 4], "texture": "#0"},
				"east": {"uv": [0, 3, 1, 4], "texture": "#0"},
				"south": {"uv": [0, 15, 1.75, 16], "texture": "#0"},
				"west": {"uv": [0, 3, 1, 4], "texture": "#0"},
				"up": {"uv": [6, 2.25, 13, 4], "rotation": 270, "texture": "#0"},
				"down": {"uv": [0, 3, 1, 4], "rotation": 90, "texture": "#0"}
			}
		},
		{
			"from": [8.60886, 7.92, 18],
			"to": [9.35886, 8.735, 25],
			"rotation": {"angle": 22.5, "axis": "z", "origin": [9.10886, 7.69183, 10.5]},
			"faces": {
				"north": {"uv": [0, 4, 1, 5], "texture": "#0"},
				"east": {"uv": [6, 2.25, 13, 3], "texture": "#0"},
				"south": {"uv": [0, 3, 1, 4], "texture": "#0"},
				"west": {"uv": [1, 3, 2, 4], "texture": "#0"},
				"up": {"uv": [1, 2, 2, 3], "rotation": 270, "texture": "#0"},
				"down": {"uv": [0, 2, 1, 3], "rotation": 90, "texture": "#0"}
			}
		},
		{
			"from": [6.501, -0.7, 12.8],
			"to": [9.498, 6.3, 15.8],
			"rotation": {"angle": -22.5, "axis": "x", "origin": [8, 3.5, 13]},
			"faces": {
				"north": {"uv": [13.003, 9, 16, 16], "texture": "#0"},
				"east": {"uv": [13, 9, 16, 16], "texture": "#0"},
				"south": {"uv": [13.003, 9, 16, 16], "texture": "#0"},
				"west": {"uv": [13, 9, 16, 16], "texture": "#0"},
				"up": {"uv": [13.003, 10, 16, 13], "texture": "#0"},
				"down": {"uv": [13.003, 13, 16, 16], "texture": "#0"}
			}
		},
		{
			"from": [7.5001, 2, 8.66],
			"to": [8.5001, 3, 14.66],
			"rotation": {"angle": 0, "axis": "y", "origin": [8, 3.5, 13]},
			"faces": {
				"north": {"uv": [15, 15, 16, 16], "rotation": 180, "texture": "#0"},
				"east": {"uv": [15, 10, 16, 16], "rotation": 90, "texture": "#0"},
				"south": {"uv": [15, 15, 16, 16], "texture": "#0"},
				"west": {"uv": [15, 10, 16, 16], "rotation": 270, "texture": "#0"},
				"up": {"uv": [15, 10, 16, 16], "texture": "#0"},
				"down": {"uv": [15, 10, 16, 16], "rotation": 180, "texture": "#0"}
			}
		},
		{
			"from": [7.5, 4, 11],
			"to": [8.5, 6, 13],
			"rotation": {"angle": 0, "axis": "y", "origin": [-0.5, 0, 3]},
			"faces": {
				"north": {"uv": [15, 0, 16, 2], "texture": "#0"},
				"east": {"uv": [14, 0, 16, 2], "texture": "#0"},
				"south": {"uv": [15, 0, 16, 2], "texture": "#0"},
				"west": {"uv": [14, 0, 16, 2], "texture": "#0"},
				"up": {"uv": [15, 0, 16, 2], "texture": "#0"},
				"down": {"uv": [15, 0, 16, 2], "texture": "#0"}
			}
		},
		{
			"from": [7, 2, 5],
			"to": [9, 6, 9],
			"faces": {
				"north": {"uv": [14, 12, 16, 16], "texture": "#0"},
				"east": {"uv": [12, 12, 16, 16], "texture": "#0"},
				"south": {"uv": [14, 12, 16, 16], "texture": "#0"},
				"west": {"uv": [12, 12, 16, 16], "texture": "#0"},
				"up": {"uv": [14, 12, 16, 16], "texture": "#0"},
				"down": {"uv": [14, 12, 16, 16], "texture": "#0"}
			}
		},
		{
			"from": [6.5, 7, -3],
			"to": [9.5, 8, 5],
			"faces": {
				"north": {"uv": [0, 0, 3, 1], "texture": "#0"},
				"east": {"uv": [0, 0, 8, 1], "texture": "#0"},
				"south": {"uv": [0, 0, 3, 1], "texture": "#0"},
				"west": {"uv": [0, 0, 8, 1], "texture": "#0"},
				"up": {"uv": [3, 3, 6, 13], "texture": "#0"},
				"down": {"uv": [3, 3, 6, 13], "texture": "#0"}
			}
		},
		{
			"name": "octagon",
			"from": [7.48223, 6.25, -12],
			"to": [8.51777, 7, -3],
			"rotation": {"angle": 45, "axis": "z", "origin": [8, 7.5, -4]},
			"faces": {
				"north": {"uv": [4, 1, 5, 2], "texture": "#0"},
				"east": {"uv": [0, 0, 1, 1], "texture": "#0"},
				"south": {"uv": [0, 0, 1, 1], "texture": "#0"},
				"west": {"uv": [0, 0, 1, 1], "texture": "#0"},
				"up": {"uv": [0, 0, 1, 1], "texture": "#0"},
				"down": {"uv": [4, 3, 5, 12], "texture": "#0"}
			}
		},
		{
			"name": "octagon",
			"from": [7.48223, 6.25, -12],
			"to": [8.51777, 7, -3],
			"rotation": {"angle": 0, "axis": "z", "origin": [8, 7.5, -4]},
			"faces": {
				"north": {"uv": [7, 0, 8, 1], "texture": "#0"},
				"east": {"uv": [0, 0, 1, 1], "texture": "#0"},
				"south": {"uv": [0, 0, 1, 1], "texture": "#0"},
				"west": {"uv": [0, 0, 1, 1], "texture": "#0"},
				"up": {"uv": [0, 0, 1, 1], "texture": "#0"},
				"down": {"uv": [5, 3, 6, 12], "texture": "#0"}
			}
		},
		{
			"name": "octagon",
			"from": [7.48223, 8, -12],
			"to": [8.51777, 8.75, -3],
			"rotation": {"angle": 45, "axis": "z", "origin": [8, 7.5, -4]},
			"faces": {
				"north": {"uv": [0, 0, 1, 1], "texture": "#0"},
				"east": {"uv": [0, 0, 1, 1], "texture": "#0"},
				"south": {"uv": [0, 0, 1, 1], "texture": "#0"},
				"west": {"uv": [0, 0, 1, 1], "texture": "#0"},
				"up": {"uv": [4, 7, 5, 16], "texture": "#0"},
				"down": {"uv": [0, 0, 1, 1], "texture": "#0"}
			}
		},
		{
			"name": "octagon",
			"from": [7.48223, 8, -12],
			"to": [8.51777, 8.75, -3],
			"rotation": {"angle": 0, "axis": "z", "origin": [8, 7.5, -4]},
			"faces": {
				"north": {"uv": [4, 4, 5, 5], "texture": "#0"},
				"east": {"uv": [0, 0, 1, 1], "texture": "#0"},
				"south": {"uv": [0, 0, 1, 1], "texture": "#0"},
				"west": {"uv": [0, 0, 1, 1], "texture": "#0"},
				"up": {"uv": [3, 7, 4, 16], "texture": "#0"},
				"down": {"uv": [0, 0, 1, 1], "texture": "#0"}
			}
		},
		{
			"name": "octagon",
			"from": [6.75, 6.98223, -12],
			"to": [7.5, 8.01777, -3],
			"rotation": {"angle": 45, "axis": "z", "origin": [8, 7.5, -4]},
			"faces": {
				"north": {"uv": [0, 1, 1, 2], "texture": "#0"},
				"east": {"uv": [0, 0, 1, 1], "texture": "#0"},
				"south": {"uv": [0, 0, 1, 1], "texture": "#0"},
				"west": {"uv": [4, 0, 13, 1], "texture": "#0"},
				"up": {"uv": [0, 0, 1, 1], "texture": "#0"},
				"down": {"uv": [0, 0, 1, 1], "texture": "#0"}
			}
		},
		{
			"name": "octagon",
			"from": [6.75, 6.98223, -12],
			"to": [7.5, 8.01777, -3],
			"rotation": {"angle": 0, "axis": "z", "origin": [8, 7.5, -4]},
			"faces": {
				"north": {"uv": [0, 1, 1, 2], "texture": "#0"},
				"east": {"uv": [0, 0, 1, 1], "texture": "#0"},
				"south": {"uv": [0, 0, 1, 1], "texture": "#0"},
				"west": {"uv": [4, 1, 13, 2], "texture": "#0"},
				"up": {"uv": [0, 0, 1, 1], "texture": "#0"},
				"down": {"uv": [0, 0, 1, 1], "texture": "#0"}
			}
		},
		{
			"name": "octagon",
			"from": [8.5, 6.98223, -12],
			"to": [9.25, 8.01777, -3],
			"rotation": {"angle": 45, "axis": "z", "origin": [8, 7.5, -4]},
			"faces": {
				"north": {"uv": [8, 0, 9, 1], "texture": "#0"},
				"east": {"uv": [1, 1, 10, 2], "texture": "#0"},
				"south": {"uv": [0, 0, 1, 1], "texture": "#0"},
				"west": {"uv": [0, 0, 1, 1], "texture": "#0"},
				"up": {"uv": [0, 0, 1, 1], "texture": "#0"},
				"down": {"uv": [0, 0, 1, 1], "texture": "#0"}
			}
		},
		{
			"name": "octagon",
			"from": [8.5, 6.98223, -12],
			"to": [9.25, 8.01777, -3],
			"rotation": {"angle": 0, "axis": "z", "origin": [8, 7.5, -4]},
			"faces": {
				"north": {"uv": [0, 0, 1, 1], "texture": "#0"},
				"east": {"uv": [2, 0, 11, 1], "texture": "#0"},
				"south": {"uv": [0, 0, 1, 1], "texture": "#0"},
				"west": {"uv": [0, 0, 1, 1], "texture": "#0"},
				"up": {"uv": [0, 0, 1, 1], "texture": "#0"},
				"down": {"uv": [0, 0, 1, 1], "texture": "#0"}
			}
		},
		{
			"from": [7.25, 6.75, -3.1],
			"to": [8.75, 8.25, -3.1],
			"faces": {
				"north": {"uv": [14.5, 0, 16, 1.5], "texture": "#0"},
				"east": {"uv": [0, 0, 0, 1.5], "texture": "#0"},
				"south": {"uv": [14.5, 0, 16, 1.5], "texture": "#0"},
				"west": {"uv": [0, 0, 0, 1.5], "texture": "#0"},
				"up": {"uv": [0, 0, 1.5, 0], "texture": "#0"},
				"down": {"uv": [0, 0, 1.5, 0], "texture": "#0"}
			}
		},
		{
			"from": [7.5, 9, -2],
			"to": [8.5, 10, 0],
			"faces": {
				"north": {"uv": [0, 0, 1, 1], "texture": "#0"},
				"east": {"uv": [0, 0, 2, 1], "texture": "#0"},
				"south": {"uv": [0, 0, 1, 1], "texture": "#0"},
				"west": {"uv": [0, 0, 2, 1], "texture": "#0"},
				"up": {"uv": [0, 0, 1, 2], "texture": "#0"},
				"down": {"uv": [0, 0, 1, 2], "texture": "#0"}
			}
		},
		{
			"from": [7.5, 8, 5.5],
			"to": [8.5, 8, 8.5],
			"faces": {
				"north": {"uv": [0, 0, 1, 0], "texture": "#1"},
				"east": {"uv": [0, 0, 3, 0], "texture": "#1"},
				"south": {"uv": [0, 0, 1, 0], "texture": "#1"},
				"west": {"uv": [0, 0, 3, 0], "texture": "#1"},
				"up": {"uv": [5, 0, 6, 3], "texture": "#1"},
				"down": {"uv": [5, 0, 6, 3], "texture": "#1"}
			}
		},
		{
			"from": [7.25, 1, 5.25],
			"to": [8.75, 8, 8.75],
			"faces": {
				"north": {"uv": [0.75, 0, 2.25, 7], "texture": "#1"},
				"east": {"uv": [0.75, 0, 4.25, 7], "texture": "#1"},
				"south": {"uv": [0.75, 0, 2.25, 7], "texture": "#1"},
				"west": {"uv": [0.75, 0, 4.25, 7], "texture": "#1"},
				"up": {"uv": [1, 0, 2.5, 3.5], "texture": "#1"},
				"down": {"uv": [1, 0, 2.5, 3.5], "texture": "#1"}
			}
		},
		{
			"from": [7, 0, 5],
			"to": [9, 1, 9],
			"faces": {
				"north": {"uv": [0, 6, 2, 7], "texture": "#1"},
				"east": {"uv": [0, 6, 4, 7], "texture": "#1"},
				"south": {"uv": [0, 6, 2, 7], "texture": "#1"},
				"west": {"uv": [0, 6, 4, 7], "texture": "#1"},
				"up": {"uv": [0, 6, 2, 10], "texture": "#1"},
				"down": {"uv": [0, 6, 2, 10], "texture": "#1"}
			}
		}
	],
	"display": {
		"thirdperson_righthand": {
			"translation": [0, 1.5, -0.75],
			"scale": [0.75, 0.75, 0.75]
		},
		"thirdperson_lefthand": {
			"translation": [-12.25, 1.5, -0.75],
			"scale": [0.75, 0.75, 0.75]
		},
		"firstperson_righthand": {
			"translation": [-9, 4.75, 1.5]
		},
		"firstperson_lefthand": {
			"translation": [-9, 4.75, 1.5]
		},
		"ground": {
			"rotation": [0, 0, -90],
			"translation": [1.75, -2.5, 0.5],
			"scale": [0.7, 0.7, 0.7]
		},
		"gui": {
			"rotation": [17, 128, 0],
			"translation": [-2, 2, 0]
		},
		"fixed": {
			"rotation": [0, -90, 0],
			"translation": [-0.75, 0, 0]
		}
	},
	"groups": [
		0,
		1,
		2,
		3,
		4,
		5,
		6,
		7,
		8,
		9,
		10,
		11,
		12,
		13,
		14,
		15,
		16,
		17,
		18,
		19,
		20,
		21,
		22,
		23,
		{
			"name": "octagon",
			"origin": [8, 8, 8],
			"color": 0,
			"children": [24, 25, 26, 27, 28, 29, 30, 31]
		},
		32,
		33,
		{
			"name": "ammo",
			"origin": [0, 0, 0],
			"color": 0,
			"children": [34, 35, 36]
		}
	]
}