{
	"credit": "Made with Blockbench",
	"textures": {
		"0": "gun_ammo/standard",
		"1": "gun_ammo/standard2",
		"2": "gun_ammo/laser",
		"particle": "gun_ammo/standard"
	},
	"elements": [
		{
			"from": [6.501, -2.7, 12.2],
			"to": [9.498, 4.3, 15.2],
			"rotation": {"angle": -22.5, "axis": "x", "origin": [8, 3.5, 10]},
			"faces": {
				"north": {"uv": [13.003, 9, 16, 16], "texture": "#0"},
				"east": {"uv": [13, 9, 16, 16], "texture": "#0"},
				"south": {"uv": [13.003, 9, 16, 16], "texture": "#0"},
				"west": {"uv": [13, 9, 16, 16], "texture": "#0"},
				"up": {"uv": [13.003, 10, 16, 13], "texture": "#0"},
				"down": {"uv": [13.003, 13, 16, 16], "texture": "#0"}
			}
		},
		{
			"from": [6.5, 5.02, 8],
			"to": [9.5, 7.02, 15],
			"faces": {
				"north": {"uv": [0, 0, 3, 2], "texture": "#0"},
				"east": {"uv": [2, 1, 9, 3], "texture": "#0"},
				"south": {"uv": [0, 1, 3, 3], "texture": "#0"},
				"west": {"uv": [0, 1, 7, 3], "texture": "#0"},
				"up": {"uv": [3, 3, 6, 10], "texture": "#0"},
				"down": {"uv": [0, 3, 3, 10], "texture": "#0"}
			}
		},
		{
			"name": "octagon",
			"from": [7.37868, 6.65, 14.999],
			"to": [8.62132, 7.65, 22.999],
			"rotation": {"angle": 0, "axis": "y", "origin": [8, 6.15, 9]},
			"faces": {
				"north": {"uv": [0, 2, 1, 3], "texture": "#0"},
				"east": {"uv": [0, 2, 1, 3], "texture": "#0"},
				"south": {"uv": [0, 2, 1, 3], "texture": "#0"},
				"west": {"uv": [0, 2, 1, 3], "texture": "#0"},
				"up": {"uv": [0, 2, 1.25, 10], "texture": "#0"},
				"down": {"uv": [0, 2, 1, 3], "texture": "#0"}
			}
		},
		{
			"name": "octagon",
			"from": [8.5, 5.52868, 14.998],
			"to": [9.5, 6.77132, 22.998],
			"rotation": {"angle": 45, "axis": "z", "origin": [8, 6.15, 9]},
			"faces": {
				"north": {"uv": [0, 2, 1, 3], "texture": "#0"},
				"east": {"uv": [6, 2, 14, 3.25], "texture": "#0"},
				"south": {"uv": [0, 2, 1, 3], "texture": "#0"},
				"west": {"uv": [0, 2, 1, 3], "texture": "#0"},
				"up": {"uv": [0, 2, 1, 3], "texture": "#0"},
				"down": {"uv": [0, 2, 1, 3], "texture": "#0"}
			}
		},
		{
			"name": "octagon",
			"from": [7.37868, 6.65, 14.998],
			"to": [8.62132, 7.65, 22.998],
			"rotation": {"angle": 45, "axis": "z", "origin": [8, 6.15, 9]},
			"faces": {
				"north": {"uv": [0, 2, 1, 3], "texture": "#0"},
				"east": {"uv": [0, 2, 1, 3], "texture": "#0"},
				"south": {"uv": [0, 2, 1, 3], "texture": "#0"},
				"west": {"uv": [0, 2, 1, 3], "texture": "#0"},
				"up": {"uv": [0, 3, 1.25, 11], "texture": "#0"},
				"down": {"uv": [0, 2, 1, 3], "texture": "#0"}
			}
		},
		{
			"name": "octagon",
			"from": [8.5, 2.72868, 21.998],
			"to": [9.5, 3.97132, 22.998],
			"rotation": {"angle": -45, "axis": "z", "origin": [8, 3.35, 29]},
			"faces": {
				"north": {"uv": [1, 4, 2, 5], "rotation": 180, "texture": "#0"},
				"east": {"uv": [6, 2, 7, 3.25], "rotation": 180, "texture": "#0"},
				"south": {"uv": [0, 2, 1, 3], "rotation": 180, "texture": "#0"},
				"west": {"uv": [0, 2, 1, 3], "rotation": 180, "texture": "#0"},
				"up": {"uv": [0, 2, 1, 3], "texture": "#0"},
				"down": {"uv": [0, 2, 1, 3], "texture": "#0"}
			}
		},
		{
			"name": "octagon",
			"from": [7.37868, 1.85, 21.999],
			"to": [8.62132, 2.85, 22.999],
			"rotation": {"angle": 0, "axis": "y", "origin": [8, 3.35, 29]},
			"faces": {
				"north": {"uv": [1, 2, 2, 3], "rotation": 180, "texture": "#0"},
				"east": {"uv": [0, 2, 1, 3], "rotation": 180, "texture": "#0"},
				"south": {"uv": [2, 4, 3, 5], "rotation": 180, "texture": "#0"},
				"west": {"uv": [0, 2, 1, 3], "rotation": 180, "texture": "#0"},
				"up": {"uv": [0, 2, 1, 3], "texture": "#0"},
				"down": {"uv": [0, 2, 1.25, 3], "texture": "#0"}
			}
		},
		{
			"name": "octagon",
			"from": [7.37868, 1.85, 21.998],
			"to": [8.62132, 2.85, 22.998],
			"rotation": {"angle": -45, "axis": "z", "origin": [8, 3.35, 29]},
			"faces": {
				"north": {"uv": [0, 2, 1, 3], "rotation": 180, "texture": "#0"},
				"east": {"uv": [0, 2, 1, 3], "rotation": 180, "texture": "#0"},
				"south": {"uv": [0, 3, 1, 4], "rotation": 180, "texture": "#0"},
				"west": {"uv": [0, 2, 1, 3], "rotation": 180, "texture": "#0"},
				"up": {"uv": [0, 2, 1, 3], "texture": "#0"},
				"down": {"uv": [0, 4, 1.25, 5], "texture": "#0"}
			}
		},
		{
			"from": [6.5, 5.77, 15],
			"to": [9.5, 6.77, 23],
			"rotation": {"angle": 0, "axis": "y", "origin": [0, -0.25, 7]},
			"faces": {
				"north": {"uv": [0, 2, 3, 3], "texture": "#0"},
				"east": {"uv": [2, 2, 10, 3], "texture": "#0"},
				"south": {"uv": [0, 2, 3, 3], "texture": "#0"},
				"west": {"uv": [0, 2, 8, 3], "texture": "#0"},
				"up": {"uv": [0, 3, 3, 11], "texture": "#0"},
				"down": {"uv": [0, 3, 3, 11], "texture": "#0"}
			}
		},
		{
			"from": [6.5, 5.02, -5],
			"to": [9.5, 7.02, 8],
			"faces": {
				"north": {"uv": [0, 0, 3, 2], "texture": "#0"},
				"east": {"uv": [0, 0, 13, 2], "texture": "#0"},
				"south": {"uv": [0, 0, 3, 2], "texture": "#0"},
				"west": {"uv": [0, 0, 13, 2], "texture": "#0"},
				"up": {"uv": [3, 3, 6, 16], "texture": "#0"},
				"down": {"uv": [3, 3, 6, 16], "texture": "#0"}
			}
		},
		{
			"from": [7, 4.2, -3],
			"to": [9, 5.2, 7],
			"faces": {
				"north": {"uv": [6, 0, 8, 1], "texture": "#1"},
				"east": {"uv": [6, 0, 16, 1], "texture": "#1"},
				"south": {"uv": [14, 0, 16, 1], "texture": "#1"},
				"west": {"uv": [6, 0, 16, 1], "texture": "#1"},
				"up": {"uv": [14, 0, 16, 10], "texture": "#1"},
				"down": {"uv": [14, 0, 16, 10], "texture": "#1"}
			}
		},
		{
			"name": "octagon",
			"from": [7.37868, 6.9, 8],
			"to": [8.62132, 7.9, 15],
			"rotation": {"angle": 45, "axis": "z", "origin": [8, 6.4, 2]},
			"faces": {
				"north": {"uv": [0, 0, 1, 1], "texture": "#0"},
				"east": {"uv": [0, 0, 1, 1], "texture": "#0"},
				"south": {"uv": [0, 0, 1, 1], "texture": "#0"},
				"west": {"uv": [0, 0, 1, 1], "texture": "#0"},
				"up": {"uv": [3, 9, 4.25, 16], "texture": "#0"},
				"down": {"uv": [0, 0, 1, 1], "texture": "#0"}
			}
		},
		{
			"name": "octagon",
			"from": [7.37868, 6.9, -4.998],
			"to": [8.62132, 7.9, 8.002],
			"rotation": {"angle": 45, "axis": "z", "origin": [8, 6.4, 2]},
			"faces": {
				"north": {"uv": [0, 0, 1, 1], "texture": "#0"},
				"east": {"uv": [0, 0, 1, 1], "texture": "#0"},
				"south": {"uv": [0, 0, 1, 1], "texture": "#0"},
				"west": {"uv": [0, 0, 1, 1], "texture": "#0"},
				"up": {"uv": [3, 3, 4.25, 16], "texture": "#0"},
				"down": {"uv": [0, 0, 1, 1], "texture": "#0"}
			}
		},
		{
			"name": "octagon",
			"from": [7.37868, 6.9, -4.999],
			"to": [8.62132, 7.9, 8.001],
			"rotation": {"angle": 0, "axis": "z", "origin": [8, 6.4, 2]},
			"faces": {
				"north": {"uv": [0, 0, 1, 1], "texture": "#0"},
				"east": {"uv": [0, 0, 1, 1], "texture": "#0"},
				"south": {"uv": [0, 0, 1, 1], "texture": "#0"},
				"west": {"uv": [0, 0, 1, 1], "texture": "#0"},
				"up": {"uv": [4.75, 3, 6, 16], "texture": "#0"},
				"down": {"uv": [0, 0, 1, 1], "texture": "#0"}
			}
		},
		{
			"name": "octagon",
			"from": [7.37868, 6.9, 8],
			"to": [8.62132, 7.9, 15],
			"rotation": {"angle": 0, "axis": "y", "origin": [8, 6.4, 2]},
			"faces": {
				"north": {"uv": [0, 0, 1, 1], "texture": "#0"},
				"east": {"uv": [0, 0, 1, 1], "texture": "#0"},
				"south": {"uv": [0, 0, 1, 1], "texture": "#0"},
				"west": {"uv": [0, 0, 1, 1], "texture": "#0"},
				"up": {"uv": [3.75, 5, 5, 12], "texture": "#0"},
				"down": {"uv": [0, 0, 1, 1], "texture": "#0"}
			}
		},
		{
			"name": "octagon",
			"from": [8.5, 5.77868, 8],
			"to": [9.5, 7.02132, 15],
			"rotation": {"angle": 45, "axis": "z", "origin": [8, 6.4, 2]},
			"faces": {
				"north": {"uv": [0, 0, 1, 1], "texture": "#0"},
				"east": {"uv": [0, 0, 7, 1.25], "texture": "#0"},
				"south": {"uv": [0, 0, 1, 1], "texture": "#0"},
				"west": {"uv": [0, 0, 1, 1], "texture": "#0"},
				"up": {"uv": [0, 0, 1, 1], "texture": "#0"},
				"down": {"uv": [0, 0, 1, 1], "texture": "#0"}
			}
		},
		{
			"name": "octagon",
			"from": [8.5, 5.77868, -4.998],
			"to": [9.5, 7.02132, 8.002],
			"rotation": {"angle": 45, "axis": "z", "origin": [8, 6.4, 2]},
			"faces": {
				"north": {"uv": [0, 0, 1, 1], "texture": "#0"},
				"east": {"uv": [0, 0, 13, 1.25], "texture": "#0"},
				"south": {"uv": [0, 0, 1, 1], "texture": "#0"},
				"west": {"uv": [0, 0, 1, 1], "texture": "#0"},
				"up": {"uv": [0, 0, 1, 1], "texture": "#0"},
				"down": {"uv": [0, 0, 1, 1], "texture": "#0"}
			}
		},
		{
			"from": [7, 1, 9.5],
			"to": [9, 2, 14.5],
			"faces": {
				"north": {"uv": [14, 15, 16, 16], "texture": "#0"},
				"east": {"uv": [6, 4, 11, 5], "texture": "#0"},
				"south": {"uv": [14, 15, 16, 16], "texture": "#0"},
				"west": {"uv": [7, 4, 12, 5], "texture": "#0"},
				"up": {"uv": [14, 11, 16, 16], "texture": "#0"},
				"down": {"uv": [14, 11, 16, 16], "texture": "#0"}
			}
		},
		{
			"from": [7, -0.62, 8.59],
			"to": [9, 0.38, 10.59],
			"rotation": {"angle": 45, "axis": "x", "origin": [8, 1.5, 12]},
			"faces": {
				"north": {"uv": [14, 15, 16, 16], "texture": "#0"},
				"east": {"uv": [14, 15, 16, 16], "texture": "#0"},
				"south": {"uv": [14, 15, 16, 16], "texture": "#0"},
				"west": {"uv": [14, 15, 16, 16], "texture": "#0"},
				"up": {"uv": [14, 14, 16, 16], "texture": "#0"},
				"down": {"uv": [14, 14, 16, 16], "texture": "#0"}
			}
		},
		{
			"from": [7, 2.415, 8.085],
			"to": [9, 5.415, 9.085],
			"rotation": {"angle": 0, "axis": "x", "origin": [8, 2.05861, 9.15036]},
			"faces": {
				"north": {"uv": [14, 13, 16, 16], "rotation": 180, "texture": "#0"},
				"east": {"uv": [13, 15, 16, 16], "rotation": 270, "texture": "#0"},
				"south": {"uv": [14, 13, 16, 16], "texture": "#0"},
				"west": {"uv": [13, 15, 16, 16], "rotation": 90, "texture": "#0"},
				"up": {"uv": [14, 15, 16, 16], "rotation": 180, "texture": "#0"},
				"down": {"uv": [14, 15, 16, 16], "texture": "#0"}
			}
		},
		{
			"from": [7.5, 3, 11],
			"to": [8.5, 5, 13],
			"rotation": {"angle": 0, "axis": "y", "origin": [-0.5, 0, 0]},
			"faces": {
				"north": {"uv": [15, 0, 16, 2], "texture": "#0"},
				"east": {"uv": [14, 0, 16, 2], "texture": "#0"},
				"south": {"uv": [15, 0, 16, 2], "texture": "#0"},
				"west": {"uv": [14, 0, 16, 2], "texture": "#0"},
				"up": {"uv": [15, 0, 16, 2], "texture": "#0"},
				"down": {"uv": [15, 0, 16, 2], "texture": "#0"}
			}
		},
		{
			"from": [7.5, 6, -5.001],
			"to": [8.5, 7, -5.001],
			"rotation": {"angle": 0, "axis": "y", "origin": [-0.5, 0, 0]},
			"faces": {
				"north": {"uv": [15, 0, 16, 1], "texture": "#0"},
				"east": {"uv": [0, 0, 0, 1], "texture": "#0"},
				"south": {"uv": [15, 0, 16, 1], "texture": "#0"},
				"west": {"uv": [0, 0, 0, 1], "texture": "#0"},
				"up": {"uv": [0, 0, 1, 0], "texture": "#0"},
				"down": {"uv": [0, 0, 1, 0], "texture": "#0"}
			}
		},
		{
			"from": [6.5, 4.02, -2],
			"to": [9.5, 5.02, 3],
			"faces": {
				"north": {"uv": [13, 12, 16, 13], "texture": "#2"},
				"east": {"uv": [11, 15, 16, 16], "texture": "#2"},
				"south": {"uv": [10, 12, 13, 13], "texture": "#2"},
				"west": {"uv": [11, 15, 16, 16], "texture": "#2"},
				"up": {"uv": [13, 8, 16, 13], "texture": "#2"},
				"down": {"uv": [13, 8, 16, 13], "texture": "#2"}
			}
		},
		{
			"from": [6.5, 2.73, 22],
			"to": [9.5, 5.78, 23],
			"faces": {
				"north": {"uv": [13, 13, 16, 16], "texture": "#0"},
				"east": {"uv": [13, 13, 14, 16], "texture": "#0"},
				"south": {"uv": [13, 13, 16, 16], "texture": "#0"},
				"west": {"uv": [15, 13, 16, 16], "texture": "#0"},
				"up": {"uv": [13, 13, 16, 14], "texture": "#0"},
				"down": {"uv": [13, 15, 16, 16], "texture": "#0"}
			}
		},
		{
			"from": [7.5, 7.5, -4],
			"to": [8.5, 8.5, -2],
			"faces": {
				"north": {"uv": [0, 0, 1, 1], "texture": "#0"},
				"east": {"uv": [0, 0, 2, 1], "texture": "#0"},
				"south": {"uv": [0, 0, 1, 1], "texture": "#0"},
				"west": {"uv": [0, 0, 2, 1], "texture": "#0"},
				"up": {"uv": [0, 0, 1, 2], "texture": "#0"},
				"down": {"uv": [0, 0, 1, 2], "texture": "#0"}
			}
		}
	],
	"display": {
		"thirdperson_righthand": {
			"translation": [0, 2.25, -1.25],
			"scale": [0.75, 0.75, 0.75]
		},
		"thirdperson_lefthand": {
			"translation": [-12, 2.25, -1.25],
			"scale": [0.75, 0.75, 0.75]
		},
		"firstperson_righthand": {
			"translation": [-9, 6, 3.25]
		},
		"firstperson_lefthand": {
			"translation": [-9, 6, 3.25]
		},
		"ground": {
			"rotation": [0, 0, 90],
			"translation": [-2, -2.75, -0.25],
			"scale": [0.75, 0.75, 0.75]
		},
		"gui": {
			"rotation": [26, 128, 0],
			"translation": [-1, 2.75, 0]
		},
		"head": {
			"rotation": [-90, -1, 0],
			"translation": [0, -6.25, -13.75]
		},
		"fixed": {
			"rotation": [0, -90, 0],
			"translation": [0, 2.75, 0]
		}
	},
	"groups": [
		0,
		1,
		2,
		3,
		4,
		5,
		6,
		7,
		8,
		9,
		10,
		{
			"name": "octagon",
			"origin": [8, 8, 8],
			"color": 0,
			"children": [11, 12, 13, 14, 15, 16]
		},
		17,
		18,
		19,
		20,
		21,
		22,
		23,
		24
	]
}