{
	"format_version": "1.21.6",
	"credit": "Made with Blockbench",
	"textures": {
		"1": "gbg:item/gun_ammo/standard"
	},
	"elements": [
		{
			"from": [7.351, 4.20014, 9.94994],
			"to": [8.641, 6.20014, 12.94994],
			"rotation": {"angle": 22.5, "axis": "x", "origin": [8, 4.22059, 13.78296]},
			"faces": {
				"north": {"uv": [0, 0, 1.29, 2], "texture": "#1"},
				"east": {"uv": [13, 14, 16, 16], "texture": "#1"},
				"south": {"uv": [14.7, 14, 15.99, 16], "texture": "#1"},
				"west": {"uv": [13, 14, 16, 16], "texture": "#1"},
				"up": {"uv": [14.7, 13, 15.99, 16], "texture": "#1"},
				"down": {"uv": [14.7, 13, 15.99, 16], "texture": "#1"}
			}
		},
		{
			"from": [7.352, 5, 11],
			"to": [8.632, 5.5, 12],
			"rotation": {"angle": 0, "axis": "y", "origin": [8, 3, 19]},
			"faces": {
				"north": {"uv": [14.7, 15.5, 15.98, 16], "texture": "#1"},
				"east": {"uv": [15, 15.5, 16, 16], "texture": "#1"},
				"south": {"uv": [14.7, 15.5, 15.98, 16], "texture": "#1"},
				"west": {"uv": [15, 15.5, 16, 16], "texture": "#1"},
				"up": {"uv": [14.7, 15, 15.98, 16], "texture": "#1"},
				"down": {"uv": [14.7, 15, 15.98, 16], "texture": "#1"}
			}
		},
		{
			"from": [7.35, 0.641, 12.867],
			"to": [8.65, 6.141, 14.867],
			"rotation": {"angle": -22.5, "axis": "x", "origin": [8, 3.5, 13.75]},
			"faces": {
				"north": {"uv": [0, 10, 1.3, 15.5], "texture": "#1"},
				"east": {"uv": [2, 8, 0, 13.5], "texture": "#1"},
				"south": {"uv": [1, 10, 2.3, 15.5], "texture": "#1"},
				"west": {"uv": [0, 10.5, 2, 16], "texture": "#1"},
				"up": {"uv": [0, 12, 1.3, 14], "texture": "#1"},
				"down": {"uv": [1, 11, 2.3, 13], "texture": "#1"}
			}
		},
		{
			"from": [7.7, 2.75, 10.1],
			"to": [8.3, 3.25, 13.1],
			"rotation": {"angle": 0, "axis": "y", "origin": [7, 5, 12.6]},
			"faces": {
				"north": {"uv": [15.4, 15.5, 16, 16], "texture": "#1"},
				"east": {"uv": [13, 13, 16, 13.5], "texture": "#1"},
				"south": {"uv": [15.4, 15.5, 16, 16], "texture": "#1"},
				"west": {"uv": [13, 13, 16, 13.5], "texture": "#1"},
				"up": {"uv": [14.4, 13, 15, 16], "texture": "#1"},
				"down": {"uv": [14.4, 13, 15, 16], "texture": "#1"}
			}
		},
		{
			"from": [7.7, 3.5, 11.65],
			"to": [8.3, 5, 12.75],
			"rotation": {"angle": 0, "axis": "y", "origin": [7, 5, 12.5]},
			"faces": {
				"north": {"uv": [15.4, 0, 16, 1.5], "texture": "#1"},
				"east": {"uv": [14.9, 0, 16, 1.5], "texture": "#1"},
				"south": {"uv": [15.4, 0, 16, 1.5], "texture": "#1"},
				"west": {"uv": [14.9, 0, 16, 1.5], "texture": "#1"},
				"up": {"uv": [15.4, 0, 16, 1.1], "texture": "#1"},
				"down": {"uv": [15.4, 0, 16, 1.1], "texture": "#1"}
			}
		},
		{
			"from": [7.7, 3.25, 10.1],
			"to": [8.3, 5, 10.6],
			"rotation": {"angle": 0, "axis": "y", "origin": [7, 5, 12.6]},
			"faces": {
				"north": {"uv": [14.4, 12, 15, 13.75], "texture": "#1"},
				"east": {"uv": [14.5, 12, 15, 13.75], "texture": "#1"},
				"south": {"uv": [14.4, 12, 15, 13.75], "texture": "#1"},
				"west": {"uv": [14.5, 12, 15, 13.75], "texture": "#1"},
				"up": {"uv": [14.4, 12, 15, 12.5], "texture": "#1"},
				"down": {"uv": [14.4, 13, 15, 13.5], "texture": "#1"}
			}
		},
		{
			"from": [7.35, 5, 3.5],
			"to": [8.65, 7.5, 11],
			"rotation": {"angle": 0, "axis": "y", "origin": [8, 3, 10]},
			"faces": {
				"north": {"uv": [4, 13, 5.3, 15.5], "texture": "#1"},
				"east": {"uv": [3, 11.25, 10.5, 13.75], "texture": "#1"},
				"south": {"uv": [4, 13, 5.3, 15.5], "texture": "#1"},
				"west": {"uv": [3, 11.25, 10.5, 13.75], "texture": "#1"},
				"up": {"uv": [4, 3, 5.3, 10.5], "texture": "#1"},
				"down": {"uv": [3, 3, 4.3, 10.5], "texture": "#1"}
			}
		},
		{
			"from": [7.349, 6, 4.5],
			"to": [7.349, 7, 7.5],
			"rotation": {"angle": 0, "axis": "y", "origin": [8, 3.5, 11.5]},
			"faces": {
				"north": {"uv": [0, 0, 0, 1], "texture": "#1"},
				"east": {"uv": [13, 6, 16, 7], "texture": "#1"},
				"south": {"uv": [0, 0, 0, 1], "texture": "#1"},
				"west": {"uv": [13, 6, 16, 7], "texture": "#1"},
				"up": {"uv": [0, 3, 0, 6], "texture": "#1"},
				"down": {"uv": [0, 3, 0, 6], "texture": "#1"}
			}
		},
		{
			"name": "octagon",
			"from": [7.74112, 5.125, -5.5],
			"to": [8.25888, 6.375, 3.5],
			"rotation": {"angle": 45, "axis": "z", "origin": [8, 5.75, 2.5]},
			"faces": {
				"north": {"uv": [0, 0, 0.51776, 1.25], "texture": "#1"},
				"east": {"uv": [0, 0, 9, 1.25], "texture": "#1"},
				"south": {"uv": [0, 0, 0.51776, 1.25], "texture": "#1"},
				"west": {"uv": [0, 0, 9, 1.25], "texture": "#1"},
				"up": {"uv": [4, 4, 4.51776, 13], "texture": "#1"},
				"down": {"uv": [3, 3, 3.51776, 12], "texture": "#1"}
			}
		},
		{
			"name": "octagon",
			"from": [7.74112, 5.125, -5.5],
			"to": [8.25888, 6.375, 3.5],
			"rotation": {"angle": 0, "axis": "z", "origin": [8, 5.75, 2.5]},
			"faces": {
				"north": {"uv": [0, 0, 0.51776, 1.25], "texture": "#1"},
				"east": {"uv": [0, 0, 9, 1.25], "texture": "#1"},
				"south": {"uv": [0, 0, 0.51776, 1.25], "texture": "#1"},
				"west": {"uv": [0, 0, 9, 1.25], "texture": "#1"},
				"up": {"uv": [4, 4, 4.51776, 13], "texture": "#1"},
				"down": {"uv": [3, 3, 3.51776, 12], "texture": "#1"}
			}
		},
		{
			"name": "octagon",
			"from": [7.375, 5.49112, -5.5],
			"to": [8.625, 6.00888, 3.5],
			"rotation": {"angle": 45, "axis": "z", "origin": [8, 5.75, 2.5]},
			"faces": {
				"north": {"uv": [0, 0, 1.25, 0.51776], "texture": "#1"},
				"east": {"uv": [0, 0, 9, 0.51776], "texture": "#1"},
				"south": {"uv": [0, 0, 1.25, 0.51776], "texture": "#1"},
				"west": {"uv": [0, 0, 9, 0.51776], "texture": "#1"},
				"up": {"uv": [4, 4, 5.25, 13], "texture": "#1"},
				"down": {"uv": [3, 3, 4.25, 12], "texture": "#1"}
			}
		},
		{
			"name": "octagon",
			"from": [7.375, 5.49112, -5.5],
			"to": [8.625, 6.00888, 3.5],
			"rotation": {"angle": 0, "axis": "z", "origin": [8, 5.75, 2.5]},
			"faces": {
				"north": {"uv": [0, 0, 1.25, 0.51776], "texture": "#1"},
				"east": {"uv": [0, 0, 9, 0.51776], "texture": "#1"},
				"south": {"uv": [0, 0, 1.25, 0.51776], "texture": "#1"},
				"west": {"uv": [0, 0, 9, 0.51776], "texture": "#1"},
				"up": {"uv": [4, 4, 5.25, 13], "texture": "#1"},
				"down": {"uv": [3, 3, 4.25, 12], "texture": "#1"}
			}
		},
		{
			"name": "octagon",
			"from": [7.68934, 5, -4.75],
			"to": [8.31066, 6.5, 0],
			"rotation": {"angle": 45, "axis": "z", "origin": [8, 5.75, -2.75]},
			"faces": {
				"north": {"uv": [14.5, 14.5, 15.12132, 16], "texture": "#1"},
				"east": {"uv": [10.5, 4.5, 15.25, 6], "texture": "#1"},
				"south": {"uv": [14.5, 14.5, 15.12132, 16], "texture": "#1"},
				"west": {"uv": [10.5, 3.5, 15.25, 5], "texture": "#1"},
				"up": {"uv": [14.5, 10.5, 15.12132, 15.25], "texture": "#1"},
				"down": {"uv": [14.5, 10.5, 15.12132, 15.25], "texture": "#1"}
			}
		},
		{
			"name": "octagon",
			"from": [7.68934, 5, -4.75],
			"to": [8.31066, 6.5, 0],
			"rotation": {"angle": 0, "axis": "z", "origin": [8, 5.75, -2.75]},
			"faces": {
				"north": {"uv": [14.5, 14.5, 15.12132, 16], "texture": "#1"},
				"east": {"uv": [10.5, 4.5, 15.25, 6], "texture": "#1"},
				"south": {"uv": [14.5, 14.5, 15.12132, 16], "texture": "#1"},
				"west": {"uv": [10.5, 3.5, 15.25, 5], "texture": "#1"},
				"up": {"uv": [14.5, 10.5, 15.12132, 15.25], "texture": "#1"},
				"down": {"uv": [14.5, 10.5, 15.12132, 15.25], "texture": "#1"}
			}
		},
		{
			"name": "octagon",
			"from": [7.25, 5.43934, -4.75],
			"to": [8.75, 6.06066, 0],
			"rotation": {"angle": 45, "axis": "z", "origin": [8, 5.75, -2.75]},
			"faces": {
				"north": {"uv": [14.5, 14.5, 16, 15.12132], "texture": "#1"},
				"east": {"uv": [10.5, 4.5, 15.25, 5.12132], "texture": "#1"},
				"south": {"uv": [14.5, 14.5, 16, 15.12132], "texture": "#1"},
				"west": {"uv": [10.5, 3.5, 15.25, 4.12132], "texture": "#1"},
				"up": {"uv": [14.5, 10.5, 16, 15.25], "texture": "#1"},
				"down": {"uv": [14.5, 10.5, 16, 15.25], "texture": "#1"}
			}
		},
		{
			"name": "octagon",
			"from": [7.25, 5.43934, -4.75],
			"to": [8.75, 6.06066, 0],
			"rotation": {"angle": 0, "axis": "z", "origin": [8, 5.75, -2.75]},
			"faces": {
				"north": {"uv": [14.5, 14.5, 16, 15.12132], "texture": "#1"},
				"east": {"uv": [10.5, 4.5, 15.25, 5.12132], "texture": "#1"},
				"south": {"uv": [14.5, 14.5, 16, 15.12132], "texture": "#1"},
				"west": {"uv": [10.5, 3.5, 15.25, 4.12132], "texture": "#1"},
				"up": {"uv": [14.5, 10.5, 16, 15.25], "texture": "#1"},
				"down": {"uv": [14.5, 10.5, 16, 15.25], "texture": "#1"}
			}
		},
		{
			"name": "octagon",
			"from": [7.79289, 5.2, -8],
			"to": [8.20711, 6.2, -5.5],
			"rotation": {"angle": 45, "axis": "z", "origin": [8, 5.7, 2.5]},
			"faces": {
				"north": {"uv": [4, 1, 4.41422, 2], "texture": "#1"},
				"east": {"uv": [0, 0, 2.5, 1], "texture": "#1"},
				"south": {"uv": [0, 0, 0.41422, 1], "texture": "#1"},
				"west": {"uv": [0, 0, 2.5, 1], "texture": "#1"},
				"up": {"uv": [4, 4, 4.41422, 6.5], "texture": "#1"},
				"down": {"uv": [5, 7, 5.41422, 9.5], "texture": "#1"}
			}
		},
		{
			"name": "octagon",
			"from": [7.79289, 5.2, -8.003],
			"to": [8.20711, 6.2, -5.503],
			"rotation": {"angle": 0, "axis": "y", "origin": [8, 5.7, 2.5]},
			"faces": {
				"north": {"uv": [7, 0, 7.41422, 1], "texture": "#1"},
				"east": {"uv": [0, 0, 2.5, 1], "texture": "#1"},
				"south": {"uv": [0, 0, 0.41422, 1], "texture": "#1"},
				"west": {"uv": [0, 0, 2.5, 1], "texture": "#1"},
				"up": {"uv": [4, 4, 4.41422, 6.5], "texture": "#1"},
				"down": {"uv": [5, 7, 5.41422, 9.5], "texture": "#1"}
			}
		},
		{
			"name": "octagon",
			"from": [7.5, 5.49289, -8],
			"to": [8.5, 5.90711, -5.5],
			"rotation": {"angle": 45, "axis": "z", "origin": [8, 5.7, 2.5]},
			"faces": {
				"north": {"uv": [1, 1, 2, 1.41422], "texture": "#1"},
				"east": {"uv": [0, 0, 2.5, 0.41422], "texture": "#1"},
				"south": {"uv": [0, 0, 1, 0.41422], "texture": "#1"},
				"west": {"uv": [0, 0, 2.5, 0.41422], "texture": "#1"},
				"up": {"uv": [4, 4, 5, 6.5], "texture": "#1"},
				"down": {"uv": [5, 7, 6, 9.5], "texture": "#1"}
			}
		},
		{
			"name": "octagon",
			"from": [7.5, 5.49289, -8.002],
			"to": [8.5, 5.90711, -5.502],
			"rotation": {"angle": 0, "axis": "y", "origin": [8, 5.7, 2.5]},
			"faces": {
				"north": {"uv": [8, 0, 9, 0.41422], "texture": "#1"},
				"east": {"uv": [0, 0, 2.5, 0.41422], "texture": "#1"},
				"south": {"uv": [0, 0, 1, 0.41422], "texture": "#1"},
				"west": {"uv": [0, 0, 2.5, 0.41422], "texture": "#1"},
				"up": {"uv": [4, 4, 5, 6.5], "texture": "#1"},
				"down": {"uv": [5, 7, 6, 9.5], "texture": "#1"}
			}
		},
		{
			"name": "octagon",
			"from": [7.79289, 6.3, -7],
			"to": [8.20711, 7.3, -0.5],
			"rotation": {"angle": 45, "axis": "z", "origin": [8, 6.8, 2.5]},
			"faces": {
				"north": {"uv": [0, 0, 0.41422, 1], "texture": "#1"},
				"east": {"uv": [0, 0, 6.5, 1], "texture": "#1"},
				"south": {"uv": [0, 0, 0.41422, 1], "texture": "#1"},
				"west": {"uv": [0, 0, 6.5, 1], "texture": "#1"},
				"up": {"uv": [3, 7, 3.41422, 13.5], "texture": "#1"},
				"down": {"uv": [5, 7, 5.41422, 13.5], "texture": "#1"}
			}
		},
		{
			"name": "octagon",
			"from": [7.79289, 6.3, -7],
			"to": [8.20711, 7.3, -0.5],
			"rotation": {"angle": 0, "axis": "y", "origin": [8, 6.8, 2.5]},
			"faces": {
				"north": {"uv": [0, 0, 0.41422, 1], "texture": "#1"},
				"east": {"uv": [0, 0, 6.5, 1], "texture": "#1"},
				"south": {"uv": [0, 0, 0.41422, 1], "texture": "#1"},
				"west": {"uv": [0, 0, 6.5, 1], "texture": "#1"},
				"up": {"uv": [3, 9.5, 3.41422, 16], "texture": "#1"},
				"down": {"uv": [5, 7, 5.41422, 13.5], "texture": "#1"}
			}
		},
		{
			"name": "octagon",
			"from": [7.5, 6.59289, -7],
			"to": [8.5, 7.00711, -0.5],
			"rotation": {"angle": 45, "axis": "z", "origin": [8, 6.8, 2.5]},
			"faces": {
				"north": {"uv": [0, 0, 1, 0.41422], "texture": "#1"},
				"east": {"uv": [0, 0, 6.5, 0.41422], "texture": "#1"},
				"south": {"uv": [0, 0, 1, 0.41422], "texture": "#1"},
				"west": {"uv": [0, 0, 6.5, 0.41422], "texture": "#1"},
				"up": {"uv": [3, 7, 4, 13.5], "texture": "#1"},
				"down": {"uv": [5, 7, 6, 13.5], "texture": "#1"}
			}
		},
		{
			"name": "octagon",
			"from": [7.5, 6.59289, -7],
			"to": [8.5, 7.00711, -0.5],
			"rotation": {"angle": 0, "axis": "y", "origin": [8, 6.8, 2.5]},
			"faces": {
				"north": {"uv": [0, 0, 1, 0.41422], "texture": "#1"},
				"east": {"uv": [0, 0, 6.5, 0.41422], "texture": "#1"},
				"south": {"uv": [0, 0, 1, 0.41422], "texture": "#1"},
				"west": {"uv": [0, 1, 6.5, 1.41422], "texture": "#1"},
				"up": {"uv": [3, 7, 4, 13.5], "texture": "#1"},
				"down": {"uv": [5, 7, 6, 13.5], "texture": "#1"}
			}
		},
		{
			"name": "octagon",
			"from": [7.79289, 7.05, -8],
			"to": [8.20711, 7.3, -7],
			"rotation": {"angle": 45, "axis": "z", "origin": [8, 6.8, 5]},
			"faces": {
				"north": {"uv": [0, 0, 0.41422, 0.25], "texture": "#1"},
				"east": {"uv": [0, 0, 1, 0.25], "texture": "#1"},
				"south": {"uv": [0, 0, 0.41422, 0.25], "texture": "#1"},
				"west": {"uv": [0, 0, 1, 0.25], "texture": "#1"},
				"up": {"uv": [5, 1, 5.41422, 2], "texture": "#1"},
				"down": {"uv": [0, 0, 0.41422, 1], "texture": "#1"}
			}
		},
		{
			"name": "octagon",
			"from": [7.79289, 6.3, -8],
			"to": [8.20711, 6.55, -7],
			"rotation": {"angle": 45, "axis": "z", "origin": [8, 6.8, 5]},
			"faces": {
				"north": {"uv": [1, 1, 1.41422, 1.25], "texture": "#1"},
				"east": {"uv": [0, 0, 1, 0.25], "texture": "#1"},
				"south": {"uv": [0, 0, 0.41422, 0.25], "texture": "#1"},
				"west": {"uv": [0, 0, 1, 0.25], "texture": "#1"},
				"up": {"uv": [0, 0, 0.41422, 1], "texture": "#1"},
				"down": {"uv": [0, 0, 0.41422, 1], "texture": "#1"}
			}
		},
		{
			"name": "octagon",
			"from": [7.79289, 6.3, -8.002],
			"to": [8.20711, 6.55, -7.002],
			"rotation": {"angle": 0, "axis": "z", "origin": [8, 6.8, 5]},
			"faces": {
				"north": {"uv": [2, 0, 2.41422, 0.25], "texture": "#1"},
				"east": {"uv": [0, 0, 1, 0.25], "texture": "#1"},
				"south": {"uv": [0, 0, 0.41422, 0.25], "texture": "#1"},
				"west": {"uv": [0, 0, 1, 0.25], "texture": "#1"},
				"up": {"uv": [0, 0, 0.41422, 1], "texture": "#1"},
				"down": {"uv": [0, 0, 0.41422, 1], "texture": "#1"}
			}
		},
		{
			"name": "octagon",
			"from": [7.79289, 7.05, -8.002],
			"to": [8.20711, 7.3, -7.002],
			"rotation": {"angle": 0, "axis": "y", "origin": [8, 6.8, 5]},
			"faces": {
				"north": {"uv": [1, 0, 1.41422, 0.25], "texture": "#1"},
				"east": {"uv": [0, 0, 1, 0.25], "texture": "#1"},
				"south": {"uv": [0, 0, 0.41422, 0.25], "texture": "#1"},
				"west": {"uv": [0, 0, 1, 0.25], "texture": "#1"},
				"up": {"uv": [0, 0, 0.41422, 1], "texture": "#1"},
				"down": {"uv": [0, 0, 0.41422, 1], "texture": "#1"}
			}
		},
		{
			"name": "octagon",
			"from": [7.79289, 7.3, -7.75],
			"to": [8.20711, 7.45, -7],
			"rotation": {"angle": 0, "axis": "y", "origin": [8, 6.8, 6]},
			"faces": {
				"north": {"uv": [0, 0, 0.41422, 0.15], "texture": "#1"},
				"east": {"uv": [0, 0, 0.75, 0.15], "texture": "#1"},
				"south": {"uv": [0, 0, 0.41422, 0.15], "texture": "#1"},
				"west": {"uv": [0, 0, 0.75, 0.15], "texture": "#1"},
				"up": {"uv": [0, 0, 0.41422, 0.75], "texture": "#1"},
				"down": {"uv": [0, 0, 0.41422, 0.75], "texture": "#1"}
			}
		},
		{
			"name": "octagon",
			"from": [7.79289, 7.45, -7.65],
			"to": [8.20711, 7.55, -7.3],
			"rotation": {"angle": 0, "axis": "y", "origin": [8, 6.8, 6]},
			"faces": {
				"north": {"uv": [0, 0, 0.41422, 0.1], "texture": "#1"},
				"east": {"uv": [0, 0, 0.35, 0.1], "texture": "#1"},
				"south": {"uv": [0, 0, 0.41422, 0.1], "texture": "#1"},
				"west": {"uv": [0, 0, 0.35, 0.1], "texture": "#1"},
				"up": {"uv": [0, 0, 0.41422, 0.35], "texture": "#1"},
				"down": {"uv": [0, 0, 0.41422, 0.35], "texture": "#1"}
			}
		},
		{
			"name": "octagon",
			"from": [8.25, 6.59289, -8],
			"to": [8.5, 7.00711, -7],
			"rotation": {"angle": 45, "axis": "z", "origin": [8, 6.8, 5]},
			"faces": {
				"north": {"uv": [4, 0, 4.25, 0.41422], "texture": "#1"},
				"east": {"uv": [0, 0, 1, 0.41422], "texture": "#1"},
				"south": {"uv": [0, 0, 0.25, 0.41422], "texture": "#1"},
				"west": {"uv": [0, 0, 1, 0.41422], "texture": "#1"},
				"up": {"uv": [0, 0, 0.25, 1], "texture": "#1"},
				"down": {"uv": [0, 0, 0.25, 1], "texture": "#1"}
			}
		},
		{
			"name": "octagon",
			"from": [7.5, 6.59289, -8],
			"to": [7.75, 7.00711, -7],
			"rotation": {"angle": 45, "axis": "z", "origin": [8, 6.8, 5]},
			"faces": {
				"north": {"uv": [3, 1, 3.25, 1.41422], "texture": "#1"},
				"east": {"uv": [0, 0, 1, 0.41422], "texture": "#1"},
				"south": {"uv": [0, 0, 0.25, 0.41422], "texture": "#1"},
				"west": {"uv": [0, 0, 1, 0.41422], "texture": "#1"},
				"up": {"uv": [0, 0, 0.25, 1], "texture": "#1"},
				"down": {"uv": [0, 0, 0.25, 1], "texture": "#1"}
			}
		},
		{
			"name": "octagon",
			"from": [7.5, 6.59289, -8.002],
			"to": [7.75, 7.00711, -7.002],
			"rotation": {"angle": 0, "axis": "z", "origin": [8, 6.8, 5]},
			"faces": {
				"north": {"uv": [1, 1, 1.25, 1.41422], "texture": "#1"},
				"east": {"uv": [0, 0, 1, 0.41422], "texture": "#1"},
				"south": {"uv": [0, 0, 0.25, 0.41422], "texture": "#1"},
				"west": {"uv": [0, 0, 1, 0.41422], "texture": "#1"},
				"up": {"uv": [0, 0, 0.25, 1], "texture": "#1"},
				"down": {"uv": [0, 0, 0.25, 1], "texture": "#1"}
			}
		},
		{
			"name": "octagon",
			"from": [8.25, 6.59289, -8.002],
			"to": [8.5, 7.00711, -7.002],
			"rotation": {"angle": 0, "axis": "y", "origin": [8, 6.8, 5]},
			"faces": {
				"north": {"uv": [8, 0, 8.25, 0.41422], "texture": "#1"},
				"east": {"uv": [0, 0, 1, 0.41422], "texture": "#1"},
				"south": {"uv": [0, 0, 0.25, 0.41422], "texture": "#1"},
				"west": {"uv": [0, 0, 1, 0.41422], "texture": "#1"},
				"up": {"uv": [0, 0, 0.25, 1], "texture": "#1"},
				"down": {"uv": [0, 0, 0.25, 1], "texture": "#1"}
			}
		},
		{
			"name": "octagon",
			"from": [7.79289, 6.3, -0.5],
			"to": [8.20711, 7.3, 3.5],
			"rotation": {"angle": 45, "axis": "z", "origin": [8, 6.8, 2.5]},
			"faces": {
				"north": {"uv": [0, 0, 0.41422, 1], "texture": "#1"},
				"east": {"uv": [0, 0, 4, 1], "texture": "#1"},
				"south": {"uv": [0, 0, 0.41422, 1], "texture": "#1"},
				"west": {"uv": [0, 0, 4, 1], "texture": "#1"},
				"up": {"uv": [4, 9, 4.41422, 13], "texture": "#1"},
				"down": {"uv": [5, 8, 5.41422, 12], "texture": "#1"}
			}
		},
		{
			"name": "octagon",
			"from": [7.79289, 6.3, -0.5],
			"to": [8.20711, 7.3, 3.5],
			"rotation": {"angle": 0, "axis": "y", "origin": [8, 6.8, 2.5]},
			"faces": {
				"north": {"uv": [0, 0, 0.41422, 1], "texture": "#1"},
				"east": {"uv": [0, 0, 4, 1], "texture": "#1"},
				"south": {"uv": [0, 0, 0.41422, 1], "texture": "#1"},
				"west": {"uv": [0, 0, 4, 1], "texture": "#1"},
				"up": {"uv": [4, 9, 4.41422, 13], "texture": "#1"},
				"down": {"uv": [5, 8, 5.41422, 12], "texture": "#1"}
			}
		},
		{
			"name": "octagon",
			"from": [7.5, 6.59289, -0.5],
			"to": [8.5, 7.00711, 3.5],
			"rotation": {"angle": 45, "axis": "z", "origin": [8, 6.8, 2.5]},
			"faces": {
				"north": {"uv": [0, 0, 1, 0.41422], "texture": "#1"},
				"east": {"uv": [0, 0, 4, 0.41422], "texture": "#1"},
				"south": {"uv": [0, 0, 1, 0.41422], "texture": "#1"},
				"west": {"uv": [0, 0, 4, 0.41422], "texture": "#1"},
				"up": {"uv": [4, 9, 5, 13], "texture": "#1"},
				"down": {"uv": [5, 8, 6, 12], "texture": "#1"}
			}
		},
		{
			"name": "octagon",
			"from": [7.5, 6.59289, -0.5],
			"to": [8.5, 7.00711, 3.5],
			"rotation": {"angle": 0, "axis": "y", "origin": [8, 6.8, 2.5]},
			"faces": {
				"north": {"uv": [0, 0, 1, 0.41422], "texture": "#1"},
				"east": {"uv": [0, 0, 4, 0.41422], "texture": "#1"},
				"south": {"uv": [0, 0, 1, 0.41422], "texture": "#1"},
				"west": {"uv": [0, 0, 4, 0.41422], "texture": "#1"},
				"up": {"uv": [4, 9, 5, 13], "texture": "#1"},
				"down": {"uv": [5, 8, 6, 12], "texture": "#1"}
			}
		},
		{
			"name": "octagon",
			"from": [7.76183, 6.725, -6.5],
			"to": [8.23817, 7.375, -6],
			"rotation": {"angle": 45, "axis": "z", "origin": [8, 6.8, -4.5]},
			"faces": {
				"north": {"uv": [0, 0, 0.47634, 0.65], "texture": "#1"},
				"east": {"uv": [0, 0, 0.5, 0.65], "texture": "#1"},
				"south": {"uv": [0, 0, 0.47634, 0.65], "texture": "#1"},
				"west": {"uv": [0, 0, 0.5, 0.65], "texture": "#1"},
				"up": {"uv": [0, 0, 0.47634, 0.5], "texture": "#1"},
				"down": {"uv": [0, 0, 0.47634, 0.5], "texture": "#1"}
			}
		},
		{
			"name": "octagon",
			"from": [7.76183, 5.075, -6.5],
			"to": [8.23817, 5.725, -6],
			"rotation": {"angle": 45, "axis": "z", "origin": [8, 5.65, -4.5]},
			"faces": {
				"north": {"uv": [0, 0, 0.47634, 0.65], "texture": "#1"},
				"east": {"uv": [0, 0, 0.5, 0.65], "texture": "#1"},
				"south": {"uv": [0, 0, 0.47634, 0.65], "texture": "#1"},
				"west": {"uv": [0, 0, 0.5, 0.65], "texture": "#1"},
				"up": {"uv": [0, 0, 0.47634, 0.5], "texture": "#1"},
				"down": {"uv": [0, 0, 0.47634, 0.5], "texture": "#1"}
			}
		},
		{
			"name": "octagon",
			"from": [7.76183, 5.075, -6.5],
			"to": [8.23817, 7.375, -6],
			"rotation": {"angle": 0, "axis": "z", "origin": [8, 6.8, -4.5]},
			"faces": {
				"north": {"uv": [0, 0, 0.47634, 2.3], "texture": "#1"},
				"east": {"uv": [0, 0, 0.5, 2.3], "texture": "#1"},
				"south": {"uv": [0, 0, 0.47634, 2.3], "texture": "#1"},
				"west": {"uv": [0, 0, 0.5, 2.3], "texture": "#1"},
				"up": {"uv": [0, 0, 0.47634, 0.5], "texture": "#1"},
				"down": {"uv": [0, 0, 0.47634, 0.5], "texture": "#1"}
			}
		},
		{
			"name": "octagon",
			"from": [7.425, 5.41183, -6.5],
			"to": [8.075, 5.88817, -6],
			"rotation": {"angle": 45, "axis": "z", "origin": [8, 5.65, -4.5]},
			"faces": {
				"north": {"uv": [0, 0, 0.65, 0.47634], "texture": "#1"},
				"east": {"uv": [0, 0, 0.5, 0.47634], "texture": "#1"},
				"south": {"uv": [0, 0, 0.65, 0.47634], "texture": "#1"},
				"west": {"uv": [0, 0, 0.5, 0.47634], "texture": "#1"},
				"up": {"uv": [0, 0, 0.65, 0.5], "texture": "#1"},
				"down": {"uv": [0, 0, 0.65, 0.5], "texture": "#1"}
			}
		},
		{
			"name": "octagon",
			"from": [7.925, 6.56183, -6.5],
			"to": [8.575, 7.03817, -6],
			"rotation": {"angle": 45, "axis": "z", "origin": [8, 6.8, -4.5]},
			"faces": {
				"north": {"uv": [0, 0, 0.65, 0.47634], "texture": "#1"},
				"east": {"uv": [0, 0, 0.5, 0.47634], "texture": "#1"},
				"south": {"uv": [0, 0, 0.65, 0.47634], "texture": "#1"},
				"west": {"uv": [0, 0, 0.5, 0.47634], "texture": "#1"},
				"up": {"uv": [0, 0, 0.65, 0.5], "texture": "#1"},
				"down": {"uv": [0, 0, 0.65, 0.5], "texture": "#1"}
			}
		},
		{
			"name": "octagon",
			"from": [7.425, 5.41183, -6.5],
			"to": [8.575, 7.03817, -6],
			"rotation": {"angle": 0, "axis": "z", "origin": [8, 6.8, -4.5]},
			"faces": {
				"north": {"uv": [0, 0, 1.15, 1.62634], "texture": "#1"},
				"east": {"uv": [0, 0, 0.5, 1.62634], "texture": "#1"},
				"south": {"uv": [0, 0, 1.15, 1.62634], "texture": "#1"},
				"west": {"uv": [0, 0, 0.5, 1.62634], "texture": "#1"},
				"up": {"uv": [0, 0, 1.15, 0.5], "texture": "#1"},
				"down": {"uv": [0, 0, 1.15, 0.5], "texture": "#1"}
			}
		},
		{
			"name": "octagon",
			"from": [7.8136, 6.35, -7.8],
			"to": [8.1864, 7.25, -7.8],
			"rotation": {"angle": 45, "axis": "z", "origin": [8, 6.8, -5.8]},
			"faces": {
				"north": {"uv": [15, 0, 15.3728, 0.9], "texture": "#1"},
				"east": {"uv": [15, 0, 15, 0.9], "texture": "#1"},
				"south": {"uv": [15, 0, 15.3728, 0.9], "texture": "#1"},
				"west": {"uv": [15, 0, 15, 0.9], "texture": "#1"},
				"up": {"uv": [15, 0, 15.3728, 0], "texture": "#1"},
				"down": {"uv": [15, 0, 15.3728, 0], "texture": "#1"}
			}
		},
		{
			"name": "octagon",
			"from": [7.8136, 6.35, -7.8],
			"to": [8.1864, 7.25, -7.8],
			"rotation": {"angle": 0, "axis": "z", "origin": [8, 6.8, -5.8]},
			"faces": {
				"north": {"uv": [15, 0, 15.3728, 0.9], "texture": "#1"},
				"east": {"uv": [15, 0, 15, 0.9], "texture": "#1"},
				"south": {"uv": [15, 0, 15.3728, 0.9], "texture": "#1"},
				"west": {"uv": [15, 0, 15, 0.9], "texture": "#1"},
				"up": {"uv": [15, 0, 15.3728, 0], "texture": "#1"},
				"down": {"uv": [15, 0, 15.3728, 0], "texture": "#1"}
			}
		},
		{
			"name": "octagon",
			"from": [7.55, 6.6136, -7.8],
			"to": [8.45, 6.9864, -7.8],
			"rotation": {"angle": 45, "axis": "z", "origin": [8, 6.8, -5.8]},
			"faces": {
				"north": {"uv": [15, 0, 15.9, 0.3728], "texture": "#1"},
				"east": {"uv": [15, 0, 15, 0.3728], "texture": "#1"},
				"south": {"uv": [15, 0, 15.9, 0.3728], "texture": "#1"},
				"west": {"uv": [15, 0, 15, 0.3728], "texture": "#1"},
				"up": {"uv": [15, 0, 15.9, 0], "texture": "#1"},
				"down": {"uv": [15, 0, 15.9, 0], "texture": "#1"}
			}
		},
		{
			"name": "octagon",
			"from": [7.55, 6.6136, -7.8],
			"to": [8.45, 6.9864, -7.8],
			"rotation": {"angle": 0, "axis": "z", "origin": [8, 6.8, -5.8]},
			"faces": {
				"north": {"uv": [15, 0, 15.9, 0.3728], "texture": "#1"},
				"east": {"uv": [15, 0, 15, 0.3728], "texture": "#1"},
				"south": {"uv": [15, 0, 15.9, 0.3728], "texture": "#1"},
				"west": {"uv": [15, 0, 15, 0.3728], "texture": "#1"},
				"up": {"uv": [15, 0, 15.9, 0], "texture": "#1"},
				"down": {"uv": [15, 0, 15.9, 0], "texture": "#1"}
			}
		}
	],
	"display": {
		"thirdperson_righthand": {
			"translation": [0, 2.75, -3],
			"scale": [0.95, 0.95, 0.95]
		},
		"thirdperson_lefthand": {
			"translation": [0, 2.75, -3],
			"scale": [0.95, 0.95, 0.95]
		},
		"firstperson_righthand": {
			"rotation": [0, -10, 0],
			"translation": [8, 4, 2]
		},
		"firstperson_lefthand": {
			"rotation": [0, -10, 0],
			"translation": [8, 4, 2]
		},
		"ground": {
			"rotation": [0, 0, -90],
			"translation": [1.75, -2, 4],
			"scale": [0.8, 0.8, 0.8]
		},
		"gui": {
			"rotation": [21, 128, 0],
			"translation": [2.75, 2.25, 0]
		},
		"head": {
			"translation": [0, 4.5, -45.25],
			"scale": [1, 1, 3]
		},
		"fixed": {
			"rotation": [0, -90, 0],
			"translation": [-5, 2.25, 0.25]
		}
	},
	"groups": [
		{
			"name": "Handle & Grip",
			"origin": [8, 4.22059, 13.78296],
			"color": 0,
			"children": [0, 1, 2, 3, 4, 5]
		},
		{
			"name": "Base",
			"origin": [8, 3, 10],
			"color": 0,
			"children": [6, 7]
		},
		{
			"name": "Barrel",
			"origin": [8, 8, 8],
			"color": 0,
			"children": [
				{
					"name": "octagon",
					"origin": [8, 8, 8],
					"color": 0,
					"children": [8, 9, 10, 11]
				},
				{
					"name": "octagon",
					"origin": [8, 8, 8],
					"color": 0,
					"children": [12, 13, 14, 15]
				},
				{
					"name": "octagon",
					"origin": [8, 8, 8],
					"color": 0,
					"children": [16, 17, 18, 19]
				},
				{
					"name": "octagon",
					"origin": [8, 8, 8],
					"color": 0,
					"children": [20, 21, 22, 23]
				},
				{
					"name": "octagon",
					"origin": [8, 8, 8],
					"color": 0,
					"children": [24, 25, 26, 27, 28, 29, 30, 31, 32, 33]
				},
				{
					"name": "octagon",
					"origin": [8, 8, 8],
					"color": 0,
					"children": [34, 35, 36, 37]
				},
				{
					"name": "octagon",
					"origin": [8, 8, 8],
					"color": 0,
					"children": [38, 39, 40, 41, 42, 43]
				},
				{
					"name": "octagon",
					"origin": [8, 8, 8],
					"color": 0,
					"children": [44, 45, 46, 47]
				}
			]
		}
	]
}