{
	"credit": "Made with Blockbench",
	"textures": {
		"0": "gun_ammo/laser",
		"particle": "gun_ammo/laser"
	},
	"elements": [
		{
			"from": [6, 7.7, -8.465],
			"to": [7, 9.7, -7.465],
			"rotation": {"angle": 0, "axis": "y", "origin": [8, 6, 12]},
			"faces": {
				"north": {"uv": [0, 0, 1, 2], "texture": "#0"},
				"east": {"uv": [0, 0, 1, 2], "texture": "#0"},
				"south": {"uv": [0, 0, 1, 2], "texture": "#0"},
				"west": {"uv": [0, 0, 1, 2], "texture": "#0"},
				"up": {"uv": [0, 0, 1, 1], "rotation": 180, "texture": "#0"},
				"down": {"uv": [0, 0, 1, 1], "rotation": 180, "texture": "#0"}
			}
		},
		{
			"from": [7.001, 3, 12],
			"to": [9.001, 9, 14],
			"rotation": {"angle": 45, "axis": "x", "origin": [8, 6, 12]},
			"faces": {
				"north": {"uv": [0, 0, 2, 6], "texture": "#0"},
				"east": {"uv": [0, 0, 2, 6], "texture": "#0"},
				"south": {"uv": [0, 0, 2, 6], "texture": "#0"},
				"west": {"uv": [0, 0, 2, 6], "texture": "#0"},
				"up": {"uv": [0, 0, 2, 2], "rotation": 180, "texture": "#0"},
				"down": {"uv": [0, 0, 2, 2], "rotation": 180, "texture": "#0"}
			}
		},
		{
			"from": [7, 0.89, 7.263],
			"to": [9, 2.89, 12.263],
			"rotation": {"angle": 45, "axis": "x", "origin": [8, 5.29289, 12.70711]},
			"faces": {
				"north": {"uv": [0, 0, 2, 2], "texture": "#0"},
				"east": {"uv": [0, 0, 2, 5], "rotation": 90, "texture": "#0"},
				"south": {"uv": [0, 0, 2, 2], "rotation": 180, "texture": "#0"},
				"west": {"uv": [0, 0, 2, 5], "rotation": 270, "texture": "#0"},
				"up": {"uv": [0, 0, 2, 5], "texture": "#0"},
				"down": {"uv": [0, 0, 2, 5], "rotation": 180, "texture": "#0"}
			}
		},
		{
			"from": [6.999, 6.7, 13.5351],
			"to": [8.999, 8.7, 15.5351],
			"rotation": {"angle": 0, "axis": "x", "origin": [8, 6, 12]},
			"faces": {
				"north": {"uv": [0, 0, 2, 2], "texture": "#0"},
				"east": {"uv": [0, 0, 2, 2], "texture": "#0"},
				"south": {"uv": [0, 0, 2, 2], "texture": "#0"},
				"west": {"uv": [0, 0, 2, 2], "texture": "#0"},
				"up": {"uv": [0, 0, 2, 2], "rotation": 180, "texture": "#0"},
				"down": {"uv": [0, 0, 2, 2], "rotation": 180, "texture": "#0"}
			}
		},
		{
			"from": [6.999, 2.47, 9.3],
			"to": [8.999, 4.47, 11.3],
			"rotation": {"angle": 0, "axis": "y", "origin": [8, 6, 12]},
			"faces": {
				"north": {"uv": [0, 0, 2, 2], "texture": "#0"},
				"east": {"uv": [0, 0, 2, 2], "texture": "#0"},
				"south": {"uv": [0, 0, 2, 2], "texture": "#0"},
				"west": {"uv": [0, 0, 2, 2], "texture": "#0"},
				"up": {"uv": [0, 0, 2, 2], "rotation": 180, "texture": "#0"},
				"down": {"uv": [0, 0, 2, 2], "rotation": 180, "texture": "#0"}
			}
		},
		{
			"from": [7.5, 4.47, 5.55],
			"to": [8.5, 6.47, 7.55],
			"rotation": {"angle": 0, "axis": "y", "origin": [8, 6, 12]},
			"faces": {
				"north": {"uv": [13, 9, 14, 11], "texture": "#0"},
				"east": {"uv": [12, 9, 14, 11], "texture": "#0"},
				"south": {"uv": [12, 9, 14, 11], "texture": "#0"},
				"west": {"uv": [12, 9, 14, 11], "texture": "#0"},
				"up": {"uv": [12, 9, 14, 11], "rotation": 180, "texture": "#0"},
				"down": {"uv": [12, 9, 14, 11], "rotation": 180, "texture": "#0"}
			}
		},
		{
			"from": [6, 7.7, 7.435],
			"to": [10, 10.7, 15.535],
			"rotation": {"angle": 0, "axis": "y", "origin": [8, 6, 12]},
			"faces": {
				"north": {"uv": [0, 0, 4, 3], "texture": "#0"},
				"east": {"uv": [0, 0, 8, 3], "texture": "#0"},
				"south": {"uv": [0, 0, 4, 3], "texture": "#0"},
				"west": {"uv": [0, 0, 8, 3], "texture": "#0"},
				"up": {"uv": [0, 3, 4, 11], "rotation": 180, "texture": "#0"},
				"down": {"uv": [0, 3, 4, 11], "rotation": 180, "texture": "#0"}
			}
		},
		{
			"from": [6, 5.7, 22.535],
			"to": [10, 10.7, 23.535],
			"rotation": {"angle": 0, "axis": "y", "origin": [8, 6, 12]},
			"faces": {
				"north": {"uv": [0, 0, 4, 5], "texture": "#0"},
				"east": {"uv": [0, 0, 1, 5], "texture": "#0"},
				"south": {"uv": [0, 0, 4, 5], "texture": "#0"},
				"west": {"uv": [0, 0, 1, 5], "texture": "#0"},
				"up": {"uv": [0, 0, 4, 1], "rotation": 180, "texture": "#0"},
				"down": {"uv": [0, 0, 4, 1], "rotation": 180, "texture": "#0"}
			}
		},
		{
			"from": [6, 6.7, -6.465],
			"to": [10, 10.7, -0.465],
			"rotation": {"angle": 0, "axis": "y", "origin": [8, 6, 12]},
			"faces": {
				"north": {"uv": [0, 0, 4, 3], "texture": "#0"},
				"east": {"uv": [0, 0, 6, 4], "texture": "#0"},
				"south": {"uv": [0, 0, 4, 3], "texture": "#0"},
				"west": {"uv": [0, 0, 6, 4], "texture": "#0"},
				"up": {"uv": [0, 0, 4, 6], "rotation": 180, "texture": "#0"},
				"down": {"uv": [0, 0, 4, 6], "rotation": 180, "texture": "#0"}
			}
		},
		{
			"from": [6, 6.7, -7.465],
			"to": [10, 10.7, -6.465],
			"rotation": {"angle": 0, "axis": "y", "origin": [8, 6, 12]},
			"faces": {
				"north": {"uv": [0, 0, 4, 4], "texture": "#0"},
				"east": {"uv": [0, 0, 1, 4], "texture": "#0"},
				"south": {"uv": [0, 0, 4, 4], "texture": "#0"},
				"west": {"uv": [0, 0, 1, 4], "texture": "#0"},
				"up": {"uv": [0, 0, 4, 1], "rotation": 180, "texture": "#0"},
				"down": {"uv": [0, 0, 4, 1], "rotation": 180, "texture": "#0"}
			}
		},
		{
			"from": [6, 6.7, -8.465],
			"to": [10, 7.7, -7.465],
			"rotation": {"angle": 0, "axis": "y", "origin": [8, 6, 12]},
			"faces": {
				"north": {"uv": [0, 0, 4, 1], "texture": "#0"},
				"east": {"uv": [0, 0, 1, 1], "texture": "#0"},
				"south": {"uv": [0, 0, 4, 1], "texture": "#0"},
				"west": {"uv": [0, 0, 1, 1], "texture": "#0"},
				"up": {"uv": [0, 0, 4, 1], "rotation": 180, "texture": "#0"},
				"down": {"uv": [0, 0, 4, 1], "rotation": 180, "texture": "#0"}
			}
		},
		{
			"from": [9, 10.7, -6.465],
			"to": [10, 12.7, -5.465],
			"rotation": {"angle": 0, "axis": "y", "origin": [8, 6, 12]},
			"faces": {
				"north": {"uv": [0, 0, 1, 2], "texture": "#0"},
				"east": {"uv": [0, 0, 1, 2], "texture": "#0"},
				"south": {"uv": [0, 0, 1, 2], "texture": "#0"},
				"west": {"uv": [0, 0, 1, 2], "texture": "#0"},
				"up": {"uv": [0, 0, 1, 1], "rotation": 180, "texture": "#0"},
				"down": {"uv": [0, 0, 1, 1], "rotation": 180, "texture": "#0"}
			}
		},
		{
			"from": [6, 9.7, -8.465],
			"to": [10, 10.7, -7.465],
			"rotation": {"angle": 0, "axis": "y", "origin": [8, 6, 12]},
			"faces": {
				"north": {"uv": [0, 0, 4, 1], "texture": "#0"},
				"east": {"uv": [0, 0, 1, 1], "texture": "#0"},
				"south": {"uv": [0, 0, 4, 1], "texture": "#0"},
				"west": {"uv": [0, 0, 1, 1], "texture": "#0"},
				"up": {"uv": [0, 0, 4, 1], "rotation": 180, "texture": "#0"},
				"down": {"uv": [0, 0, 4, 1], "rotation": 180, "texture": "#0"}
			}
		},
		{
			"from": [6, 10.7, -6.465],
			"to": [7, 12.7, -5.465],
			"rotation": {"angle": 0, "axis": "y", "origin": [8, 6, 12]},
			"faces": {
				"north": {"uv": [0, 0, 1, 2], "texture": "#0"},
				"east": {"uv": [0, 0, 1, 2], "texture": "#0"},
				"south": {"uv": [0, 0, 1, 2], "texture": "#0"},
				"west": {"uv": [0, 0, 1, 2], "texture": "#0"},
				"up": {"uv": [0, 0, 1, 1], "rotation": 180, "texture": "#0"},
				"down": {"uv": [0, 0, 1, 1], "rotation": 180, "texture": "#0"}
			}
		},
		{
			"from": [6, 12.7, -6.465],
			"to": [10, 13.7, -5.465],
			"rotation": {"angle": 0, "axis": "y", "origin": [8, 6, 12]},
			"faces": {
				"north": {"uv": [0, 0, 4, 1], "texture": "#0"},
				"east": {"uv": [0, 0, 1, 1], "texture": "#0"},
				"south": {"uv": [0, 0, 4, 1], "texture": "#0"},
				"west": {"uv": [0, 0, 1, 1], "texture": "#0"},
				"up": {"uv": [0, 0, 4, 1], "rotation": 180, "texture": "#0"},
				"down": {"uv": [0, 0, 4, 1], "rotation": 180, "texture": "#0"}
			}
		},
		{
			"from": [7, 10.7, -5.965],
			"to": [9, 12.7, -5.965],
			"rotation": {"angle": 0, "axis": "y", "origin": [8, 6, 12]},
			"faces": {
				"north": {"uv": [10, 0, 13, 3], "texture": "#0"},
				"east": {"uv": [0, 0, 0, 0], "texture": "#0"},
				"south": {"uv": [10, 0, 13, 3], "texture": "#0"},
				"west": {"uv": [0, 0, 0, 0], "texture": "#0"},
				"up": {"uv": [0, 0, 0, 0], "rotation": 180, "texture": "#0"},
				"down": {"uv": [0, 0, 0, 0], "rotation": 180, "texture": "#0"}
			}
		},
		{
			"from": [9, 7.7, -8.465],
			"to": [10, 9.7, -7.465],
			"rotation": {"angle": 0, "axis": "y", "origin": [8, 6, 12]},
			"faces": {
				"north": {"uv": [0, 0, 1, 2], "texture": "#0"},
				"east": {"uv": [0, 0, 1, 2], "texture": "#0"},
				"south": {"uv": [0, 0, 1, 2], "texture": "#0"},
				"west": {"uv": [0, 0, 1, 2], "texture": "#0"},
				"up": {"uv": [0, 0, 1, 1], "rotation": 180, "texture": "#0"},
				"down": {"uv": [0, 0, 1, 1], "rotation": 180, "texture": "#0"}
			}
		},
		{
			"from": [6, 6, -0.5],
			"to": [10, 8.7, 7.5],
			"faces": {
				"north": {"uv": [0, 0, 4, 2.7], "texture": "#0"},
				"east": {"uv": [0, 0, 8, 2.7], "texture": "#0"},
				"south": {"uv": [0, 0, 4, 2.7], "texture": "#0"},
				"west": {"uv": [0, 0, 8, 2.7], "texture": "#0"},
				"up": {"uv": [0, 0, 4, 8], "texture": "#0"},
				"down": {"uv": [0, 0, 4, 8], "texture": "#0"}
			}
		},
		{
			"from": [6, 8.7, 5.5],
			"to": [8, 10.7, 7.5],
			"faces": {
				"north": {"uv": [0, 0, 2, 2], "texture": "#0"},
				"east": {"uv": [0, 0, 2, 2], "texture": "#0"},
				"south": {"uv": [0, 0, 2, 2], "texture": "#0"},
				"west": {"uv": [0, 0, 2, 2], "texture": "#0"},
				"up": {"uv": [0, 0, 2, 2], "texture": "#0"},
				"down": {"uv": [0, 0, 2, 2], "texture": "#0"}
			}
		},
		{
			"from": [6, 8.65, -0.5],
			"to": [8, 10.7, 3],
			"faces": {
				"north": {"uv": [0, 0, 2, 2.05], "texture": "#0"},
				"east": {"uv": [0, 0, 3.5, 2.05], "texture": "#0"},
				"south": {"uv": [0, 0, 2, 2.05], "texture": "#0"},
				"west": {"uv": [0, 0, 3.5, 2.05], "texture": "#0"},
				"up": {"uv": [0, 0, 2, 3.5], "texture": "#0"},
				"down": {"uv": [0, 0, 2, 3.5], "texture": "#0"}
			}
		},
		{
			"from": [8, 8.7, -0.5],
			"to": [10, 10.7, 7.5],
			"faces": {
				"north": {"uv": [0, 0, 2, 2], "texture": "#0"},
				"east": {"uv": [0, 0, 8, 2], "texture": "#0"},
				"south": {"uv": [0, 0, 2, 2], "texture": "#0"},
				"west": {"uv": [0, 0, 8, 2], "texture": "#0"},
				"up": {"uv": [0, 0, 2, 8], "texture": "#0"},
				"down": {"uv": [0, 0, 2, 8], "texture": "#0"}
			}
		},
		{
			"from": [7.4, 8.15, -8.2],
			"to": [8.4, 9.15, -7.2],
			"faces": {
				"north": {"uv": [15, 0, 16, 1], "texture": "#0"},
				"east": {"uv": [15, 0, 16, 1], "texture": "#0"},
				"south": {"uv": [15, 0, 16, 1], "texture": "#0"},
				"west": {"uv": [15, 0, 16, 1], "texture": "#0"},
				"up": {"uv": [15, 0, 16, 1], "texture": "#0"},
				"down": {"uv": [15, 0, 16, 1], "texture": "#0"}
			}
		},
		{
			"name": "octagon",
			"from": [6.79289, 9.0625, 2.925],
			"to": [7.20711, 10.0625, 5.3],
			"rotation": {"angle": -45, "axis": "z", "origin": [7, 9.5625, 4.3]},
			"faces": {
				"north": {"uv": [14, 3, 15, 4], "texture": "#0"},
				"east": {"uv": [14, 3, 15, 4], "texture": "#0"},
				"south": {"uv": [14, 3, 15, 4], "texture": "#0"},
				"west": {"uv": [14, 3, 15, 4], "texture": "#0"},
				"up": {"uv": [14, 3, 15, 4], "rotation": 180, "texture": "#0"},
				"down": {"uv": [14, 3, 15, 4], "rotation": 180, "texture": "#0"}
			}
		},
		{
			"name": "octagon",
			"from": [6.79289, 9.0625, 2.9251],
			"to": [7.20711, 10.0625, 5.3001],
			"rotation": {"angle": 0, "axis": "y", "origin": [7, 9.5625, 4.3]},
			"faces": {
				"north": {"uv": [14, 4, 15, 5], "texture": "#0"},
				"east": {"uv": [14, 4, 15, 5], "texture": "#0"},
				"south": {"uv": [14, 4, 15, 5], "texture": "#0"},
				"west": {"uv": [14, 4, 15, 5], "texture": "#0"},
				"up": {"uv": [14, 4, 15, 5], "rotation": 180, "texture": "#0"},
				"down": {"uv": [14, 4, 15, 5], "rotation": 180, "texture": "#0"}
			}
		},
		{
			"name": "octagon",
			"from": [6.5, 9.35539, 2.925],
			"to": [7.5, 9.76961, 5.3],
			"rotation": {"angle": -45, "axis": "z", "origin": [7, 9.5625, 4.3]},
			"faces": {
				"north": {"uv": [15, 4, 16, 5], "texture": "#0"},
				"east": {"uv": [15, 4, 16, 5], "texture": "#0"},
				"south": {"uv": [15, 4, 16, 5], "texture": "#0"},
				"west": {"uv": [15, 4, 16, 5], "texture": "#0"},
				"up": {"uv": [15, 4, 16, 5], "rotation": 180, "texture": "#0"},
				"down": {"uv": [15, 4, 16, 5], "rotation": 180, "texture": "#0"}
			}
		},
		{
			"name": "octagon",
			"from": [6.5, 9.35539, 2.9249],
			"to": [7.5, 9.76961, 5.2999],
			"rotation": {"angle": 0, "axis": "y", "origin": [7, 9.5625, 4.3]},
			"faces": {
				"north": {"uv": [15, 3, 16, 4], "texture": "#0"},
				"east": {"uv": [15, 3, 16, 4], "texture": "#0"},
				"south": {"uv": [15, 3, 16, 4], "texture": "#0"},
				"west": {"uv": [15, 3, 16, 4], "texture": "#0"},
				"up": {"uv": [15, 3, 16, 4], "rotation": 180, "texture": "#0"},
				"down": {"uv": [15, 3, 16, 4], "rotation": 180, "texture": "#0"}
			}
		},
		{
			"name": "octagon",
			"from": [6.68934, 8.8125, 3.0502],
			"to": [7.31066, 10.3125, 5.4252],
			"rotation": {"angle": -45, "axis": "z", "origin": [7, 9.5625, 4.3]},
			"faces": {
				"north": {"uv": [14, 3, 15, 4], "texture": "#0"},
				"east": {"uv": [14, 3, 15, 4], "texture": "#0"},
				"south": {"uv": [14, 3, 15, 4], "texture": "#0"},
				"west": {"uv": [14, 3, 15, 4], "texture": "#0"},
				"up": {"uv": [14, 3, 15, 4], "rotation": 180, "texture": "#0"},
				"down": {"uv": [14, 3, 15, 4], "rotation": 270, "texture": "#0"}
			}
		},
		{
			"name": "octagon",
			"from": [6.68934, 8.8125, 3.05],
			"to": [7.31066, 10.3125, 5.425],
			"rotation": {"angle": 0, "axis": "y", "origin": [7, 9.5625, 4.3]},
			"faces": {
				"north": {"uv": [15, 3, 16, 4], "texture": "#0"},
				"east": {"uv": [15, 3, 16, 4], "texture": "#0"},
				"south": {"uv": [15, 3, 16, 4], "texture": "#0"},
				"west": {"uv": [15, 3, 16, 4], "texture": "#0"},
				"up": {"uv": [15, 3, 16, 4], "rotation": 180, "texture": "#0"},
				"down": {"uv": [15, 3, 16, 4], "rotation": 270, "texture": "#0"}
			}
		},
		{
			"name": "octagon",
			"from": [6.25, 9.25184, 3.0501],
			"to": [7.75, 9.87316, 5.4251],
			"rotation": {"angle": -45, "axis": "z", "origin": [7, 9.5625, 4.3]},
			"faces": {
				"north": {"uv": [15, 3, 16, 4], "texture": "#0"},
				"east": {"uv": [15, 3, 16, 4], "texture": "#0"},
				"south": {"uv": [15, 3, 16, 4], "texture": "#0"},
				"west": {"uv": [15, 3, 16, 4], "texture": "#0"},
				"up": {"uv": [15, 3, 16, 4], "rotation": 180, "texture": "#0"},
				"down": {"uv": [15, 3, 16, 4], "rotation": 270, "texture": "#0"}
			}
		},
		{
			"name": "octagon",
			"from": [6.25, 9.25184, 3.05],
			"to": [7.75, 9.87316, 5.425],
			"rotation": {"angle": 0, "axis": "y", "origin": [7, 9.5625, 4.3]},
			"faces": {
				"north": {"uv": [15, 4, 16, 5], "texture": "#0"},
				"east": {"uv": [15, 4, 16, 5], "texture": "#0"},
				"south": {"uv": [15, 4, 16, 5], "texture": "#0"},
				"west": {"uv": [15, 4, 16, 5], "texture": "#0"},
				"up": {"uv": [15, 4, 16, 5], "rotation": 180, "texture": "#0"},
				"down": {"uv": [15, 4, 16, 5], "rotation": 180, "texture": "#0"}
			}
		},
		{
			"name": "octagon",
			"from": [6.58579, 8.5625, 3.302],
			"to": [7.41421, 10.5625, 5.302],
			"rotation": {"angle": -45, "axis": "z", "origin": [7, 9.5625, 4.3]},
			"faces": {
				"north": {"uv": [13, 2, 14, 3], "texture": "#0"},
				"east": {"uv": [13, 0, 16, 1], "texture": "#0"},
				"south": {"uv": [13, 2, 14, 3], "texture": "#0"},
				"west": {"uv": [13, 0, 16, 1], "texture": "#0"},
				"up": {"uv": [14, 0, 15, 3], "rotation": 180, "texture": "#0"},
				"down": {"uv": [14, 0, 15, 3], "rotation": 180, "texture": "#0"}
			}
		},
		{
			"name": "octagon",
			"from": [6.58579, 8.5625, 3.3],
			"to": [7.41421, 10.5625, 5.3],
			"rotation": {"angle": 0, "axis": "y", "origin": [7, 9.5625, 4.3]},
			"faces": {
				"north": {"uv": [15, 1, 16, 2], "texture": "#0"},
				"east": {"uv": [13, 0, 16, 1], "texture": "#0"},
				"south": {"uv": [15, 1, 16, 2], "texture": "#0"},
				"west": {"uv": [13, 0, 16, 1], "texture": "#0"},
				"up": {"uv": [13, 0, 14, 3], "rotation": 180, "texture": "#0"},
				"down": {"uv": [13, 0, 14, 3], "rotation": 180, "texture": "#0"}
			}
		},
		{
			"name": "octagon",
			"from": [6, 9.14829, 3.301],
			"to": [8, 9.97671, 5.301],
			"rotation": {"angle": -45, "axis": "z", "origin": [7, 9.5625, 4.3]},
			"faces": {
				"north": {"uv": [15, 0, 16, 1], "texture": "#0"},
				"east": {"uv": [13, 1, 16, 2], "texture": "#0"},
				"south": {"uv": [15, 0, 16, 1], "texture": "#0"},
				"west": {"uv": [13, 1, 16, 2], "texture": "#0"},
				"up": {"uv": [15, 0, 16, 3], "rotation": 180, "texture": "#0"},
				"down": {"uv": [15, 0, 16, 3], "rotation": 180, "texture": "#0"}
			}
		},
		{
			"name": "octagon",
			"from": [6, 9.14829, 3.3],
			"to": [8, 9.97671, 5.3],
			"rotation": {"angle": 0, "axis": "y", "origin": [7, 9.5625, 4.3]},
			"faces": {
				"north": {"uv": [13, 0, 14, 1], "texture": "#0"},
				"east": {"uv": [13, 2, 16, 3], "texture": "#0"},
				"south": {"uv": [13, 0, 14, 1], "texture": "#0"},
				"west": {"uv": [13, 2, 16, 3], "texture": "#0"},
				"up": {"uv": [15, 0, 16, 3], "rotation": 180, "texture": "#0"},
				"down": {"uv": [15, 0, 16, 3], "rotation": 180, "texture": "#0"}
			}
		},
		{
			"from": [7, 8.25, 15.5],
			"to": [9, 10.25, 22.5],
			"faces": {
				"north": {"uv": [14, 11, 16, 13], "texture": "#0"},
				"east": {"uv": [9, 11, 16, 13], "texture": "#0"},
				"south": {"uv": [14, 11, 16, 13], "texture": "#0"},
				"west": {"uv": [9, 11, 16, 13], "texture": "#0"},
				"up": {"uv": [9, 11, 16, 13], "rotation": 90, "texture": "#0"},
				"down": {"uv": [9, 11, 16, 13], "rotation": 90, "texture": "#0"}
			}
		},
		{
			"from": [7, 4.2, -4],
			"to": [9, 8.2, -2],
			"rotation": {"angle": -22.5, "axis": "x", "origin": [8, 3.75, -1]},
			"faces": {
				"north": {"uv": [14, 9, 16, 13], "texture": "#0"},
				"east": {"uv": [14, 9, 16, 13], "texture": "#0"},
				"south": {"uv": [14, 9, 16, 13], "texture": "#0"},
				"west": {"uv": [14, 9, 16, 13], "texture": "#0"},
				"up": {"uv": [14, 9, 16, 11], "texture": "#0"},
				"down": {"uv": [14, 11, 16, 13], "texture": "#0"}
			}
		},
		{
			"from": [7, 3.2, -4],
			"to": [9, 4.2, -2],
			"rotation": {"angle": -22.5, "axis": "x", "origin": [8, 3.75, -1]},
			"faces": {
				"north": {"uv": [0, 0, 2, 1], "texture": "#0"},
				"east": {"uv": [0, 0, 2, 1], "texture": "#0"},
				"south": {"uv": [0, 0, 2, 1], "texture": "#0"},
				"west": {"uv": [0, 0, 2, 1], "texture": "#0"},
				"up": {"uv": [0, 0, 2, 2], "texture": "#0"},
				"down": {"uv": [0, 0, 2, 2], "texture": "#0"}
			}
		}
	],
	"display": {
		"thirdperson_righthand": {
			"translation": [0, 0, 2],
			"scale": [0.75, 0.75, 0.75]
		},
		"thirdperson_lefthand": {
			"translation": [-12, 0, 2],
			"scale": [0.75, 0.75, 0.75]
		},
		"firstperson_righthand": {
			"translation": [-9.03, 4.6, 21]
		},
		"firstperson_lefthand": {
			"translation": [-9.03, 4.6, 21]
		},
		"ground": {
			"rotation": [0, 0, 90],
			"translation": [0, -2.75, 0],
			"scale": [0.5, 0.5, 0.5]
		},
		"gui": {
			"rotation": [21, 128, 0],
			"translation": [1.75, -0.25, 0],
			"scale": [0.9, 0.9, 0.9]
		},
		"head": {
			"translation": [0, -5, -18]
		},
		"fixed": {
			"rotation": [0, -90, 0],
			"translation": [0, 0, -0.75]
		}
	},
	"groups": [
		{
			"name": "laser",
			"origin": [8, 6, 12],
			"color": 0,
			"children": [0, 1, 2, 3, 4, 5, 6, 7, 8, 9, 10, 11, 12, 13, 14, 15, 16, 17, 18, 19, 20, 21]
		},
		{
			"name": "battery",
			"origin": [8, 8, 8],
			"color": 3,
			"children": [
				{
					"name": "octagon",
					"origin": [8, 8, 8],
					"color": 0,
					"children": [22, 23, 24, 25]
				},
				{
					"name": "octagon",
					"origin": [8, 8, 8],
					"color": 0,
					"children": [26, 27, 28, 29]
				},
				{
					"name": "octagon",
					"origin": [8, 8, 8],
					"color": 0,
					"children": [30, 31, 32, 33]
				}
			]
		},
		34,
		35,
		36
	]
}