{
	"format_version": "1.21.6",
	"credit": "Made with Blockbench",
	"textures": {
		"1": "gbg:item/gun_ammo/standard",
		"2": "gbg:item/gun_ammo/standard2"
	},
	"elements": [
		{
			"from": [7.351, 0.5, 8],
			"to": [8.646, 5.5, 10],
			"rotation": {"angle": -22.5, "axis": "x", "origin": [8, 4.5, 9]},
			"faces": {
				"north": {"uv": [14.7, 11, 15.995, 16], "texture": "#1"},
				"east": {"uv": [16, 11, 14, 16], "texture": "#1"},
				"south": {"uv": [14.7, 11, 15.995, 16], "texture": "#1"},
				"west": {"uv": [14, 11, 16, 16], "texture": "#1"},
				"up": {"uv": [14.7, 14, 15.995, 16], "texture": "#1"},
				"down": {"uv": [14.7, 14, 15.995, 16], "texture": "#1"}
			}
		},
		{
			"from": [7.35, 2.75, 3],
			"to": [8.65, 6.5, 6],
			"rotation": {"angle": 0, "axis": "y", "origin": [7, 5, 9]},
			"faces": {
				"north": {"uv": [8.65, 1.2, 9.95, 4.95], "texture": "#1"},
				"east": {"uv": [9, 1.2, 6, 4.95], "texture": "#1"},
				"south": {"uv": [7, 1, 8.3, 4.75], "texture": "#1"},
				"west": {"uv": [6, 1.2, 9, 4.95], "texture": "#1"},
				"up": {"uv": [4, 13, 5.3, 16], "texture": "#1"},
				"down": {"uv": [3, 13, 4.3, 16], "texture": "#1"}
			}
		},
		{
			"from": [7.35, 5, 5.99],
			"to": [8.65, 6.5, 10.24],
			"rotation": {"angle": 0, "axis": "y", "origin": [7, 5, 9]},
			"faces": {
				"north": {"uv": [0, 0, 1.3, 1.5], "texture": "#1"},
				"east": {"uv": [8.25, 1.2, 4, 2.7], "texture": "#1"},
				"south": {"uv": [0, 1.2, 1.3, 2.7], "texture": "#1"},
				"west": {"uv": [3, 1.2, 7.25, 2.7], "texture": "#1"},
				"up": {"uv": [4, 4, 5.3, 8.25], "texture": "#1"},
				"down": {"uv": [4, 5, 5.3, 9.25], "texture": "#1"}
			}
		},
		{
			"from": [7.65, 3, 6],
			"to": [8.35, 3.5, 9],
			"rotation": {"angle": 0, "axis": "y", "origin": [7, 5, 9]},
			"faces": {
				"north": {"uv": [0, 0, 0.7, 0.5], "texture": "#1"},
				"east": {"uv": [13, 15.5, 16, 16], "texture": "#1"},
				"south": {"uv": [0, 0, 0.7, 0.5], "texture": "#1"},
				"west": {"uv": [13, 15.5, 16, 16], "texture": "#1"},
				"up": {"uv": [15.3, 13, 16, 16], "texture": "#1"},
				"down": {"uv": [15.3, 13, 16, 16], "texture": "#1"}
			}
		},
		{
			"from": [7.75, 3.75, 7.25],
			"to": [8.25, 5.5, 8.25],
			"rotation": {"angle": 0, "axis": "y", "origin": [7, 5, 9]},
			"faces": {
				"north": {"uv": [15.5, 0, 16, 1.75], "texture": "#1"},
				"east": {"uv": [15, 0, 16, 1.75], "texture": "#1"},
				"south": {"uv": [15.5, 0, 16, 1.75], "texture": "#1"},
				"west": {"uv": [15, 0, 16, 1.75], "texture": "#1"},
				"up": {"uv": [15.5, 0, 16, 1], "texture": "#1"},
				"down": {"uv": [15.5, 0, 16, 1], "texture": "#1"}
			}
		},
		{
			"from": [7.5, 0.8, 3.2],
			"to": [8.5, 3.05, 5.8],
			"rotation": {"angle": 0, "axis": "x", "origin": [8, 1.675, 4.5]},
			"faces": {
				"north": {"uv": [0, 6, 1, 8.25], "texture": "#2"},
				"east": {"uv": [3, 0, 0.4, 2.25], "texture": "#2"},
				"south": {"uv": [0, 6, 1, 8.25], "texture": "#2"},
				"west": {"uv": [0.4, 0, 3, 2.25], "texture": "#2"},
				"up": {"uv": [1, 6, 2, 8.6], "texture": "#2"},
				"down": {"uv": [0, 6, 2.6, 7], "rotation": 90, "texture": "#2"}
			}
		},
		{
			"from": [7.3, 0.3, 3],
			"to": [8.7, 0.8, 6],
			"rotation": {"angle": 0, "axis": "y", "origin": [8, 1.675, 4.5]},
			"faces": {
				"north": {"uv": [0, 6, 1.4, 6.5], "texture": "#2"},
				"east": {"uv": [3.4, 0, 0.4, 0.5], "texture": "#2"},
				"south": {"uv": [0, 6, 1.4, 6.5], "texture": "#2"},
				"west": {"uv": [0.4, 0, 3.4, 0.5], "texture": "#2"},
				"up": {"uv": [0, 6, 1.4, 9], "texture": "#2"},
				"down": {"uv": [0, 6, 3, 7.4], "rotation": 90, "texture": "#2"}
			}
		},
		{
			"name": "octagon",
			"from": [7.8136, 5.95, -3.05],
			"to": [8.1864, 6.85, -3.05],
			"rotation": {"angle": 45, "axis": "z", "origin": [8, 6.4, -1.05]},
			"faces": {
				"north": {"uv": [15.1, 2, 15.4728, 2.9], "texture": "#1"},
				"east": {"uv": [15, 2, 15, 2.9], "texture": "#1"},
				"south": {"uv": [15.1, 2, 15.4728, 2.9], "texture": "#1"},
				"west": {"uv": [15, 2, 15, 2.9], "texture": "#1"},
				"up": {"uv": [15, 2, 15.3728, 2], "texture": "#1"},
				"down": {"uv": [15.1, 2, 15.4728, 2], "texture": "#1"}
			}
		},
		{
			"name": "octagon",
			"from": [7.8136, 5.95, -3.05],
			"to": [8.1864, 6.85, -3.05],
			"rotation": {"angle": 0, "axis": "z", "origin": [8, 6.4, -1.05]},
			"faces": {
				"north": {"uv": [15.1, 2, 15.4728, 2.9], "texture": "#1"},
				"east": {"uv": [15, 2, 15, 2.9], "texture": "#1"},
				"south": {"uv": [15.1, 2, 15.4728, 2.9], "texture": "#1"},
				"west": {"uv": [15, 2, 15, 2.9], "texture": "#1"},
				"up": {"uv": [15, 2, 15.3728, 2], "texture": "#1"},
				"down": {"uv": [15.1, 2, 15.4728, 2], "texture": "#1"}
			}
		},
		{
			"name": "octagon",
			"from": [7.55, 6.2136, -3.05],
			"to": [8.45, 6.5864, -3.05],
			"rotation": {"angle": 45, "axis": "z", "origin": [8, 6.4, -1.05]},
			"faces": {
				"north": {"uv": [15.1, 2, 16, 2.3728], "texture": "#1"},
				"east": {"uv": [15, 2, 15, 2.3728], "texture": "#1"},
				"south": {"uv": [15.1, 2, 16, 2.3728], "texture": "#1"},
				"west": {"uv": [15, 2, 15, 2.3728], "texture": "#1"},
				"up": {"uv": [15, 2, 15.9, 2], "texture": "#1"},
				"down": {"uv": [15.1, 2, 16, 2], "texture": "#1"}
			}
		},
		{
			"name": "octagon",
			"from": [7.55, 6.2136, -3.05],
			"to": [8.45, 6.5864, -3.05],
			"rotation": {"angle": 0, "axis": "z", "origin": [8, 6.4, -1.05]},
			"faces": {
				"north": {"uv": [15.1, 2, 16, 2.3728], "texture": "#1"},
				"east": {"uv": [15, 2, 15, 2.3728], "texture": "#1"},
				"south": {"uv": [15.1, 2, 16, 2.3728], "texture": "#1"},
				"west": {"uv": [15, 2, 15, 2.3728], "texture": "#1"},
				"up": {"uv": [15, 2, 15.9, 2], "texture": "#1"},
				"down": {"uv": [15.1, 2, 16, 2], "texture": "#1"}
			}
		},
		{
			"name": "octagon",
			"from": [7.79289, 5.95, -3.25],
			"to": [8.20711, 6.2, -1.75],
			"rotation": {"angle": 45, "axis": "z", "origin": [8, 6.45, 0.75]},
			"faces": {
				"north": {"uv": [0, 4, 0.41422, 4.25], "texture": "#1"},
				"east": {"uv": [1, 4, 2.5, 4.25], "texture": "#1"},
				"south": {"uv": [0, 5, 0.41422, 5.25], "texture": "#1"},
				"west": {"uv": [1, 5, 2.5, 5.25], "texture": "#1"},
				"up": {"uv": [0, 5, 0.41422, 6.5], "texture": "#1"},
				"down": {"uv": [1, 5, 1.41422, 6.5], "texture": "#1"}
			}
		},
		{
			"name": "octagon",
			"from": [8.25, 6.24289, -3.25],
			"to": [8.5, 6.65711, -1.75],
			"rotation": {"angle": 0, "axis": "y", "origin": [8, 6.45, 0.75]},
			"faces": {
				"north": {"uv": [0, 4, 0.25, 4.41422], "texture": "#1"},
				"east": {"uv": [1, 4, 2.5, 4.41422], "texture": "#1"},
				"south": {"uv": [0, 5, 0.25, 5.41422], "texture": "#1"},
				"west": {"uv": [1, 5, 2.5, 5.41422], "texture": "#1"},
				"up": {"uv": [0, 5, 0.25, 6.5], "texture": "#1"},
				"down": {"uv": [1, 5, 1.25, 6.5], "texture": "#1"}
			}
		},
		{
			"name": "octagon",
			"from": [8.25, 6.24289, -3.25],
			"to": [8.5, 6.65711, -1.75],
			"rotation": {"angle": 45, "axis": "z", "origin": [8, 6.45, 0.75]},
			"faces": {
				"north": {"uv": [0, 4, 0.25, 4.41422], "texture": "#1"},
				"east": {"uv": [1, 4, 2.5, 4.41422], "texture": "#1"},
				"south": {"uv": [0, 5, 0.25, 5.41422], "texture": "#1"},
				"west": {"uv": [1, 5, 2.5, 5.41422], "texture": "#1"},
				"up": {"uv": [0, 5, 0.25, 6.5], "texture": "#1"},
				"down": {"uv": [1, 5, 1.25, 6.5], "texture": "#1"}
			}
		},
		{
			"name": "octagon",
			"from": [7.5, 6.24289, -3.25],
			"to": [7.75, 6.65711, -1.75],
			"rotation": {"angle": 0, "axis": "y", "origin": [8, 6.45, 0.75]},
			"faces": {
				"north": {"uv": [0, 4, 0.25, 4.41422], "texture": "#1"},
				"east": {"uv": [1, 4, 2.5, 4.41422], "texture": "#1"},
				"south": {"uv": [0, 5, 0.25, 5.41422], "texture": "#1"},
				"west": {"uv": [1, 5, 2.5, 5.41422], "texture": "#1"},
				"up": {"uv": [0, 5, 0.25, 6.5], "texture": "#1"},
				"down": {"uv": [1, 5, 1.25, 6.5], "texture": "#1"}
			}
		},
		{
			"name": "octagon",
			"from": [7.5, 6.24289, -3.25],
			"to": [7.75, 6.65711, -1.75],
			"rotation": {"angle": 45, "axis": "z", "origin": [8, 6.45, 0.75]},
			"faces": {
				"north": {"uv": [0, 4, 0.25, 4.41422], "texture": "#1"},
				"east": {"uv": [1, 4, 2.5, 4.41422], "texture": "#1"},
				"south": {"uv": [0, 5, 0.25, 5.41422], "texture": "#1"},
				"west": {"uv": [1, 5, 2.5, 5.41422], "texture": "#1"},
				"up": {"uv": [0, 5, 0.25, 6.5], "texture": "#1"},
				"down": {"uv": [1, 5, 1.25, 6.5], "texture": "#1"}
			}
		},
		{
			"name": "octagon",
			"from": [7.79289, 6.7, -3.25],
			"to": [8.20711, 6.95, -1.75],
			"rotation": {"angle": 0, "axis": "y", "origin": [8, 6.45, 0.75]},
			"faces": {
				"north": {"uv": [0, 4, 0.41422, 4.25], "texture": "#1"},
				"east": {"uv": [1, 4, 2.5, 4.25], "texture": "#1"},
				"south": {"uv": [0, 5, 0.41422, 5.25], "texture": "#1"},
				"west": {"uv": [1, 5, 2.5, 5.25], "texture": "#1"},
				"up": {"uv": [0, 5, 0.41422, 6.5], "texture": "#1"},
				"down": {"uv": [1, 5, 1.41422, 6.5], "texture": "#1"}
			}
		},
		{
			"name": "octagon",
			"from": [7.79289, 6.7, -3.25],
			"to": [8.20711, 6.95, -1.75],
			"rotation": {"angle": 45, "axis": "z", "origin": [8, 6.45, 0.75]},
			"faces": {
				"north": {"uv": [0, 4, 0.41422, 4.25], "texture": "#1"},
				"east": {"uv": [1, 4, 2.5, 4.25], "texture": "#1"},
				"south": {"uv": [0, 5, 0.41422, 5.25], "texture": "#1"},
				"west": {"uv": [1, 5, 2.5, 5.25], "texture": "#1"},
				"up": {"uv": [0, 5, 0.41422, 6.5], "texture": "#1"},
				"down": {"uv": [1, 5, 1.41422, 6.5], "texture": "#1"}
			}
		},
		{
			"name": "octagon",
			"from": [7.79289, 5.95, -3.25],
			"to": [8.20711, 6.2, -1.75],
			"rotation": {"angle": 0, "axis": "y", "origin": [8, 6.45, 0.75]},
			"faces": {
				"north": {"uv": [0, 4, 0.41422, 4.25], "texture": "#1"},
				"east": {"uv": [1, 4, 2.5, 4.25], "texture": "#1"},
				"south": {"uv": [0, 5, 0.41422, 5.25], "texture": "#1"},
				"west": {"uv": [1, 5, 2.5, 5.25], "texture": "#1"},
				"up": {"uv": [0, 5, 0.41422, 6.5], "texture": "#1"},
				"down": {"uv": [1, 5, 1.41422, 6.5], "texture": "#1"}
			}
		},
		{
			"name": "octagon",
			"from": [7.79289, 5.95, -3.25],
			"to": [8.20711, 6.2, -1.75],
			"rotation": {"angle": 45, "axis": "z", "origin": [8, 6.45, 0.75]},
			"faces": {
				"north": {"uv": [0, 4, 0.41422, 4.25], "texture": "#1"},
				"east": {"uv": [1, 4, 2.5, 4.25], "texture": "#1"},
				"south": {"uv": [0, 5, 0.41422, 5.25], "texture": "#1"},
				"west": {"uv": [1, 5, 2.5, 5.25], "texture": "#1"},
				"up": {"uv": [0, 5, 0.41422, 6.5], "texture": "#1"},
				"down": {"uv": [1, 5, 1.41422, 6.5], "texture": "#1"}
			}
		},
		{
			"name": "octagon",
			"from": [7.79289, 5.95, -3.25],
			"to": [8.20711, 6.2, -1.75],
			"rotation": {"angle": 0, "axis": "z", "origin": [8, 6.45, 0.75]},
			"faces": {
				"north": {"uv": [0, 4, 0.41422, 4.25], "texture": "#1"},
				"east": {"uv": [1, 4, 2.5, 4.25], "texture": "#1"},
				"south": {"uv": [0, 5, 0.41422, 5.25], "texture": "#1"},
				"west": {"uv": [1, 5, 2.5, 5.25], "texture": "#1"},
				"up": {"uv": [0, 5, 0.41422, 6.5], "texture": "#1"},
				"down": {"uv": [1, 5, 1.41422, 6.5], "texture": "#1"}
			}
		},
		{
			"name": "octagon",
			"from": [7.79289, 6.7, -3.25],
			"to": [8.20711, 6.95, -1.75],
			"rotation": {"angle": 45, "axis": "z", "origin": [8, 6.45, 0.75]},
			"faces": {
				"north": {"uv": [0, 4, 0.41422, 4.25], "texture": "#1"},
				"east": {"uv": [1, 4, 2.5, 4.25], "texture": "#1"},
				"south": {"uv": [0, 5, 0.41422, 5.25], "texture": "#1"},
				"west": {"uv": [1, 5, 2.5, 5.25], "texture": "#1"},
				"up": {"uv": [0, 5, 0.41422, 6.5], "texture": "#1"},
				"down": {"uv": [1, 5, 1.41422, 6.5], "texture": "#1"}
			}
		},
		{
			"name": "octagon",
			"from": [7.79289, 6.7, -3.25],
			"to": [8.20711, 6.95, -1.75],
			"rotation": {"angle": 0, "axis": "z", "origin": [8, 6.45, 0.75]},
			"faces": {
				"north": {"uv": [0, 4, 0.41422, 4.25], "texture": "#1"},
				"east": {"uv": [1, 4, 2.5, 4.25], "texture": "#1"},
				"south": {"uv": [0, 5, 0.41422, 5.25], "texture": "#1"},
				"west": {"uv": [1, 5, 2.5, 5.25], "texture": "#1"},
				"up": {"uv": [0, 5, 0.41422, 6.5], "texture": "#1"},
				"down": {"uv": [1, 5, 1.41422, 6.5], "texture": "#1"}
			}
		},
		{
			"name": "octagon",
			"from": [7.5, 6.24289, -3.25],
			"to": [7.75, 6.65711, -1.75],
			"rotation": {"angle": 45, "axis": "z", "origin": [8, 6.45, 0.75]},
			"faces": {
				"north": {"uv": [0, 4, 0.25, 4.41422], "texture": "#1"},
				"east": {"uv": [1, 4, 2.5, 4.41422], "texture": "#1"},
				"south": {"uv": [0, 5, 0.25, 5.41422], "texture": "#1"},
				"west": {"uv": [1, 5, 2.5, 5.41422], "texture": "#1"},
				"up": {"uv": [0, 5, 0.25, 6.5], "texture": "#1"},
				"down": {"uv": [1, 5, 1.25, 6.5], "texture": "#1"}
			}
		},
		{
			"name": "octagon",
			"from": [7.5, 6.24289, -3.25],
			"to": [7.75, 6.65711, -1.75],
			"rotation": {"angle": 0, "axis": "z", "origin": [8, 6.45, 0.75]},
			"faces": {
				"north": {"uv": [0, 4, 0.25, 4.41422], "texture": "#1"},
				"east": {"uv": [1, 4, 2.5, 4.41422], "texture": "#1"},
				"south": {"uv": [0, 5, 0.25, 5.41422], "texture": "#1"},
				"west": {"uv": [1, 5, 2.5, 5.41422], "texture": "#1"},
				"up": {"uv": [0, 5, 0.25, 6.5], "texture": "#1"},
				"down": {"uv": [1, 5, 1.25, 6.5], "texture": "#1"}
			}
		},
		{
			"name": "octagon",
			"from": [8.25, 6.24289, -3.25],
			"to": [8.5, 6.65711, -1.75],
			"rotation": {"angle": 45, "axis": "z", "origin": [8, 6.45, 0.75]},
			"faces": {
				"north": {"uv": [0, 4, 0.25, 4.41422], "texture": "#1"},
				"east": {"uv": [1, 4, 2.5, 4.41422], "texture": "#1"},
				"south": {"uv": [0, 5, 0.25, 5.41422], "texture": "#1"},
				"west": {"uv": [1, 5, 2.5, 5.41422], "texture": "#1"},
				"up": {"uv": [0, 5, 0.25, 6.5], "texture": "#1"},
				"down": {"uv": [1, 5, 1.25, 6.5], "texture": "#1"}
			}
		},
		{
			"name": "octagon",
			"from": [8.25, 6.24289, -3.25],
			"to": [8.5, 6.65711, -1.75],
			"rotation": {"angle": 0, "axis": "z", "origin": [8, 6.45, 0.75]},
			"faces": {
				"north": {"uv": [0, 4, 0.25, 4.41422], "texture": "#1"},
				"east": {"uv": [1, 4, 2.5, 4.41422], "texture": "#1"},
				"south": {"uv": [0, 5, 0.25, 5.41422], "texture": "#1"},
				"west": {"uv": [1, 5, 2.5, 5.41422], "texture": "#1"},
				"up": {"uv": [0, 5, 0.25, 6.5], "texture": "#1"},
				"down": {"uv": [1, 5, 1.25, 6.5], "texture": "#1"}
			}
		},
		{
			"name": "octagon",
			"from": [7.68934, 5.75, -1.85],
			"to": [8.31066, 7.25, 3.9],
			"rotation": {"angle": 45, "axis": "z", "origin": [8, 6.5, -5.1]},
			"faces": {
				"north": {"uv": [0, 0, 0.62132, 1.5], "texture": "#1"},
				"east": {"uv": [0, 0, 5.75, 1.5], "texture": "#1"},
				"south": {"uv": [0, 0, 0.62132, 1.5], "texture": "#1"},
				"west": {"uv": [0, 0, 5.75, 1.5], "texture": "#1"},
				"up": {"uv": [4, 5.25, 4.62132, 11], "texture": "#1"},
				"down": {"uv": [4, 5.25, 4.62132, 11], "texture": "#1"}
			}
		},
		{
			"name": "octagon",
			"from": [7.25, 6.18934, 3.902],
			"to": [8.75, 6.81066, 10.252],
			"rotation": {"angle": 0, "axis": "y", "origin": [8, 6.5, 2.65]},
			"faces": {
				"north": {"uv": [0, 0, 1.5, 0.62132], "texture": "#1"},
				"east": {"uv": [0, 0, 6.35, 0.62132], "texture": "#1"},
				"south": {"uv": [1.05, 0, 2.55, 0.62132], "texture": "#1"},
				"west": {"uv": [0, 0, 6.35, 0.62132], "texture": "#1"},
				"up": {"uv": [4, 5.25, 5.5, 11.6], "texture": "#1"},
				"down": {"uv": [4, 5.25, 5.5, 11.6], "texture": "#1"}
			}
		},
		{
			"name": "octagon",
			"from": [7.25, 6.18934, 3.9],
			"to": [8.75, 6.81066, 10.25],
			"rotation": {"angle": 45, "axis": "z", "origin": [8, 6.5, 2.65]},
			"faces": {
				"north": {"uv": [0, 0, 1.5, 0.62132], "texture": "#1"},
				"east": {"uv": [0, 0, 6.35, 0.62132], "texture": "#1"},
				"south": {"uv": [0, 0, 1.5, 0.62132], "texture": "#1"},
				"west": {"uv": [0, 0, 6.35, 0.62132], "texture": "#1"},
				"up": {"uv": [4, 5.25, 5.5, 11.6], "texture": "#1"},
				"down": {"uv": [4, 5.25, 5.5, 11.6], "texture": "#1"}
			}
		},
		{
			"name": "octagon",
			"from": [7.68934, 5.75, 3.901],
			"to": [8.31066, 7.25, 10.251],
			"rotation": {"angle": 0, "axis": "y", "origin": [8, 6.5, 2.65]},
			"faces": {
				"north": {"uv": [0, 0, 0.62132, 1.5], "texture": "#1"},
				"east": {"uv": [0, 0, 6.35, 1.5], "texture": "#1"},
				"south": {"uv": [0, 0, 0.62132, 1.5], "texture": "#1"},
				"west": {"uv": [0, 0, 6.35, 1.5], "texture": "#1"},
				"up": {"uv": [4, 5.25, 4.62132, 11.6], "texture": "#1"},
				"down": {"uv": [4, 5.25, 4.62132, 11.6], "texture": "#1"}
			}
		},
		{
			"name": "octagon",
			"from": [7.68934, 5.75, 3.9],
			"to": [8.31066, 7.25, 10.25],
			"rotation": {"angle": 45, "axis": "z", "origin": [8, 6.5, 2.65]},
			"faces": {
				"north": {"uv": [0, 0, 0.62132, 1.5], "texture": "#1"},
				"east": {"uv": [0, 0, 6.35, 1.5], "texture": "#1"},
				"south": {"uv": [0, 0, 0.62132, 1.5], "texture": "#1"},
				"west": {"uv": [0, 0, 6.35, 1.5], "texture": "#1"},
				"up": {"uv": [4, 5.25, 4.62132, 11.6], "texture": "#1"},
				"down": {"uv": [4, 5.25, 4.62132, 11.6], "texture": "#1"}
			}
		},
		{
			"name": "octagon",
			"from": [7.68934, 5.75, -1.85],
			"to": [8.31066, 7.25, 3.9],
			"rotation": {"angle": 0, "axis": "y", "origin": [8, 6.5, -5.1]},
			"faces": {
				"north": {"uv": [0, 0, 0.62132, 1.5], "texture": "#1"},
				"east": {"uv": [0, 0, 5.75, 1.5], "texture": "#1"},
				"south": {"uv": [0, 0, 0.62132, 1.5], "texture": "#1"},
				"west": {"uv": [0, 0, 5.75, 1.5], "texture": "#1"},
				"up": {"uv": [4, 5.25, 4.62132, 11], "texture": "#1"},
				"down": {"uv": [4, 5.25, 4.62132, 11], "texture": "#1"}
			}
		},
		{
			"name": "octagon",
			"from": [7.25, 6.18934, -1.85],
			"to": [8.75, 6.81066, 3.9],
			"rotation": {"angle": 45, "axis": "z", "origin": [8, 6.5, -5.1]},
			"faces": {
				"north": {"uv": [0, 0, 1.5, 0.62132], "texture": "#1"},
				"east": {"uv": [0, 0, 5.75, 0.62132], "texture": "#1"},
				"south": {"uv": [0, 0, 1.5, 0.62132], "texture": "#1"},
				"west": {"uv": [0, 0, 5.75, 0.62132], "texture": "#1"},
				"up": {"uv": [4, 5.25, 5.5, 11], "texture": "#1"},
				"down": {"uv": [4, 5.25, 5.5, 11], "texture": "#1"}
			}
		},
		{
			"name": "octagon",
			"from": [7.25, 6.18934, -1.85],
			"to": [8.75, 6.81066, 3.9],
			"rotation": {"angle": 0, "axis": "z", "origin": [8, 6.5, -5.1]},
			"faces": {
				"north": {"uv": [0, 0, 1.5, 0.62132], "texture": "#1"},
				"east": {"uv": [0, 0, 5.75, 0.62132], "texture": "#1"},
				"south": {"uv": [0, 0, 1.5, 0.62132], "texture": "#1"},
				"west": {"uv": [0, 0, 5.75, 0.62132], "texture": "#1"},
				"up": {"uv": [4, 5.25, 5.5, 11], "texture": "#1"},
				"down": {"uv": [4, 5.25, 5.5, 11], "texture": "#1"}
			}
		},
		{
			"from": [7.601, 5.9, -1.75],
			"to": [8.399, 6.2, -1.3258],
			"rotation": {"angle": 45, "axis": "x", "origin": [8, 5.9, -1.75]},
			"faces": {
				"east": {"uv": [4.8, 7, 4.5, 7.4242], "rotation": 270, "texture": "#1", "tintindex": 0},
				"west": {"uv": [3.8, 6, 3.5, 6.4242], "rotation": 90, "texture": "#1", "tintindex": 0},
				"down": {"uv": [3.5, 5.4242, 4.298, 5], "texture": "#1", "tintindex": 0}
			}
		},
		{
			"from": [7.6, 5.6, -1.45],
			"to": [8.4, 5.9, 3.3],
			"rotation": {"angle": 0, "axis": "y", "origin": [8.4, 2.9, -6.6]},
			"faces": {
				"east": {"uv": [4.8, 5, 4.5, 9.75], "rotation": 270, "texture": "#1", "tintindex": 0},
				"west": {"uv": [4.8, 5, 4.5, 9.75], "rotation": 90, "texture": "#1", "tintindex": 0},
				"down": {"uv": [4, 8.75, 4.8, 4], "texture": "#1", "tintindex": 0}
			}
		},
		{
			"from": [7.601, 9.20416, 8.77996],
			"to": [8.399, 9.50416, 9.20416],
			"rotation": {"angle": 45, "axis": "x", "origin": [8, 7.1, 6.8]},
			"faces": {
				"east": {"uv": [4.5, 6.4242, 4.8, 6], "rotation": 270, "texture": "#1", "tintindex": 0},
				"west": {"uv": [4.5, 5.4242, 4.8, 5], "rotation": 90, "texture": "#1", "tintindex": 0},
				"up": {"uv": [4.5, 5.4242, 5.298, 5], "texture": "#1", "tintindex": 0}
			}
		},
		{
			"from": [7.6, 7.1, 3.3],
			"to": [8.4, 7.4, 9.9],
			"rotation": {"angle": 0, "axis": "y", "origin": [8.4, 10.1, 0]},
			"faces": {
				"east": {"uv": [4.5, 5, 4.8, 11.6], "rotation": 270, "texture": "#1", "tintindex": 0},
				"west": {"uv": [4.5, 5, 4.8, 11.6], "rotation": 90, "texture": "#1", "tintindex": 0},
				"up": {"uv": [4, 4, 4.8, 10.6], "texture": "#1", "tintindex": 0}
			}
		},
		{
			"from": [7.6, 7.1, -1.45],
			"to": [8.4, 7.4, 3.3],
			"rotation": {"angle": 0, "axis": "y", "origin": [8.4, 10.1, -6.6]},
			"faces": {
				"east": {"uv": [4.5, 5, 4.8, 9.75], "rotation": 270, "texture": "#1", "tintindex": 0},
				"west": {"uv": [4.5, 5, 4.8, 9.75], "rotation": 90, "texture": "#1", "tintindex": 0},
				"up": {"uv": [4, 4, 4.8, 8.75], "texture": "#1", "tintindex": 0}
			}
		},
		{
			"from": [7.601, 6.8, -1.75],
			"to": [8.399, 7.1, -1.3258],
			"rotation": {"angle": -45, "axis": "x", "origin": [8, 7.1, -1.75]},
			"faces": {
				"east": {"uv": [4.5, 7, 4.8, 7.4242], "rotation": 270, "texture": "#1", "tintindex": 0},
				"west": {"uv": [3.5, 6, 3.8, 6.4242], "rotation": 90, "texture": "#1", "tintindex": 0},
				"up": {"uv": [3.5, 5, 4.298, 5.4242], "texture": "#1", "tintindex": 0}
			}
		},
		{
			"from": [7.85, 7.4, -1.3],
			"to": [8.15, 7.65, -0.4],
			"rotation": {"angle": 0, "axis": "y", "origin": [7, 5.4, 4.35]},
			"faces": {
				"north": {"uv": [0, 0, 0.3, 0.25], "texture": "#1"},
				"east": {"uv": [0, 0, 0.9, 0.25], "texture": "#1"},
				"south": {"uv": [0, 0, 0.3, 0.25], "texture": "#1"},
				"west": {"uv": [0, 0, 0.9, 0.25], "texture": "#1"},
				"up": {"uv": [0, 0, 0.3, 0.9], "texture": "#1"},
				"down": {"uv": [0, 0, 0.3, 0.9], "texture": "#1"}
			}
		}
	],
	"display": {
		"thirdperson_righthand": {
			"translation": [0, 3.25, 1.25],
			"scale": [1.1, 1.1, 1.1]
		},
		"thirdperson_lefthand": {
			"translation": [0, 3.25, 1.25],
			"scale": [1.1, 1.1, 1.1]
		},
		"firstperson_righthand": {
			"rotation": [0, -15, 0],
			"translation": [7.75, 5.25, 4.25]
		},
		"firstperson_lefthand": {
			"rotation": [0, -15, 0],
			"translation": [7.75, 5.25, 4.25]
		},
		"ground": {
			"rotation": [0, 0, -90],
			"translation": [2.75, -1.75, 3.5],
			"scale": [0.85, 0.85, 0.85]
		},
		"gui": {
			"rotation": [21, 128, 0],
			"translation": [2.5, 4, 0],
			"scale": [1.1, 1.1, 1.1]
		},
		"head": {
			"translation": [0, -23.25, -8.5],
			"scale": [1, 2, 1]
		},
		"fixed": {
			"rotation": [0, -90, 0],
			"translation": [-2.5, 2.5, 0]
		}
	},
	"groups": [
		{
			"name": "Base",
			"origin": [8, 4.5, 9],
			"color": 0,
			"children": [0, 1, 2, 3, 4, 5, 6]
		},
		{
			"name": "Barrel",
			"origin": [8, 8, 8],
			"color": 0,
			"children": [
				{
					"name": "octagon",
					"origin": [8, 8, 8],
					"color": 0,
					"children": [7, 8, 9, 10]
				},
				{
					"name": "octagon",
					"origin": [8, 8, 8],
					"color": 9,
					"children": [11, 12, 13, 14, 15, 16, 17, 18, 19, 20, 21, 22, 23, 24, 25, 26]
				},
				{
					"name": "octagon",
					"origin": [8, 8, 8],
					"color": 9,
					"children": [27, 28, 29, 30, 31, 32, 33, 34]
				}
			]
		},
		{
			"name": "Barrel Decor",
			"origin": [8.4, 2.9, -6.6],
			"color": 0,
			"children": [35, 36, 37, 38, 39, 40, 41]
		}
	]
}